label,f0,f1,f2,f3,f4,f5,f6,f7,f8,f9,f10,f11,f12,f13,f14,f15,f16,f17,f18,f19,f20,f21,f22,f23,f24,f25,f26,f27,f28,f29,f30,f31,f32,f33,f34,f35,f36,f37,f38,f39,f40,f41,f42,f43,f44,f45,f46,f47,f48,f49,f50,f51,f52,f53,f54,f55,f56,f57,f58,f59,f60,f61,f62
THUMB_DOWN,0.0,0.0,0.0,-0.26314677248908996,0.41013113279886626,-0.18480439033766374,-0.5398749330799857,0.829501163927267,-0.3136821249774948,-0.7106943408739355,1.2547074494202528,-0.4359451434239793,-0.7735469346241256,1.5727096942783203,-0.5283751922732752,-0.9946613897551125,0.34828973270886593,-0.12004545087438592,-1.0056162039461174,0.5830316277376005,-0.32338620320001665,-0.7128075345525104,0.4993824321101384,-0.44274378303122425,-0.5973958963704192,0.3881777227798697,-0.5053867113865098,-0.9999446982599723,-0.010516673512712096,-0.10915265053447464,-0.9551817039875657,0.24533251086169156,-0.3216766113527778,-0.6361082684112151,0.24875493764039053,-0.3752035948090675,-0.5857399273707774,0.14752822553368217,-0.38214837589903317,-0.9074684759990762,-0.33304691256050706,-0.1305394937400165,-0.8799856073828259,-0.150911735301726,-0.3290023940309127,-0.6131566370689139,-0.058703067489084014,-0.2691990696812124,-0.5754629177820166,-0.1333280569624594,-0.1896451394619794,-0.7769547675238289,-0.5992966680325016,-0.17123798123110492,-0.8103718316481464,-0.5084992283187423,-0.24529630254464374,-0.6248028768158919,-0.3415291993412208,-0.1685211380979327,-0.5683660765806265,-0.3409409038634837,-0.09471353759861212
FIST,0.0,0.0,0.0,-0.2676095868483493,-0.16363881308499897,-0.08627880908046062,-0.5142644248941549,-0.4866086553110138,-0.1416116218749203,-0.6270640588274848,-0.8430463229478271,-0.2133240957941758,-0.49924246339965367,-1.1124988652537728,-0.2615682894512186,-0.41269811387699873,-0.9368991632260695,0.06288178426720091,-0.5278426920547891,-1.1802970048264712,-0.10627081037458973,-0.46999833351579823,-0.9092728351793731,-0.20658815290335292,-0.39449816092338047,-0.7131000652748345,-0.24358414401878856,-0.229625980451922,-0.9732789472199085,0.04278850819151309,-0.34618608228482295,-1.2004015498355665,-0.12203595223565614,-0.29063244472892663,-0.8232607632184857,-0.15621187042653284,-0.2196719876086,-0.637308442652575,-0.127270045815273,-0.032184894574496664,-0.9607798500462245,-0.012775286297313664,-0.13916082315136016,-1.197153025774751,-0.1815197039544057,-0.1234051531515016,-0.8186988077368501,-0.13345470123140804,-0.07410053465841046,-0.6129136938975175,-0.041614204531076476,0.18041286371238582,-0.8945527023858344,-0.07796452051226888,0.0659117631440861,-1.1016874670901025,-0.16664234223624716,0.02103057664460997,-0.8473920208128434,-0.11609286568509848,0.02945848121394254,-0.6687350588064079,-0.04346700582623174
OPEN_PALM,0.0,0.0,0.0,-0.26607095148278054,-0.1490211300194181,-0.07045835328323516,-0.4642977931908919,-0.456281670444678,-0.0832949445399355,-0.599463947752009,-0.7049379386107432,-0.0963793830205332,-0.7217147742944969,-0.8930477067292663,-0.10487902000200863,-0.3344745035258798,-0.9218492480757856,0.039651392782627214,-0.4381566449561772,-1.2255448652081835,0.004636708453044179,-0.49173063069050305,-1.4098772680040057,-0.0404105404134687,-0.5200217548524012,-1.581882643786907,-0.07811873450541362,-0.16109920696136593,-0.9869382176795157,0.021835100640643222,-0.2106013291745072,-1.3537438947383469,0.008677020633098909,-0.2327092081029508,-1.5843715360292876,-0.022513751300429995,-0.2460242122480934,-1.7649632553913581,-0.05000583151753512,0.007351154854123978,-0.9563109265806489,-0.017156113414614673,-0.0019603079610997273,-1.307630935677178,-0.05083333625109197,-0.014812876918540562,-1.5208886594637465,-0.07349121533851764,-0.03331915066517298,-1.706035626196402,-0.09257934142347299,0.17109980251495424,-0.8562465581789508,-0.06707589413762596,0.21579485879759103,-1.1212160099063635,-0.1060473533767269,0.23582612557674976,-1.29781600958993,-0.11542650818488721,0.24572432476734696,-1.471185482252644,-0.12116729986386802
FIST,0.0,0.0,0.0,-0.3341799943427653,-0.20692155960943073,-0.06670864397020781,-0.582216145842724,-0.5325745019247649,-0.10509514800481226,-0.6969296726401585,-0.8999367932237589,-0.1654400885936155,-0.6140390608820567,-1.209184297377887,-0.20393920976278473,-0.4367444578252929,-0.9250807379320038,0.12228667858506108,-0.5317777518566068,-1.2002037513182897,-0.027099243893555367,-0.48229893451982325,-0.9280389008473081,-0.12840999599098016,-0.42196266472151256,-0.741041153768,-0.1710738883022922,-0.2639889757726805,-0.9645256972577201,0.09671255677610122,-0.36699505134766686,-1.2449749001358128,-0.057710611931052605,-0.3143186720140669,-0.8929614345077473,-0.11279514689215801,-0.2546042237271106,-0.7000792668063043,-0.10186376923746275,-0.07475654388469709,-0.9642889386072538,0.03734876667102517,-0.16600764047840574,-1.2413858942364133,-0.11526022993797226,-0.15351158051685837,-0.8851567604073426,-0.07972396119966306,-0.1153558116493962,-0.6635770678814568,-0.000191744293201988,0.13479114443599188,-0.917546047906062,-0.03086718541015457,0.025193892862200203,-1.153931297415143,-0.10511768793441927,-0.011965333321283023,-0.9133259789866466,-0.05443280558447598,0.00047197704948881154,-0.7291288491035592,0.015266222981537594
FIST,0.0,0.0,0.0,-0.3176521774833056,-0.1985764634897946,-0.07263115549552886,-0.5686635887532996,-0.5310286616311849,-0.11389102452830667,-0.688401037918385,-0.9019801209060703,-0.17501914674867391,-0.5662288944706084,-1.1736721814960525,-0.21289026103285966,-0.4324178423490374,-0.9285716571562449,0.1057986252931644,-0.5237719395508582,-1.2059340733698471,-0.047431982649746,-0.4810843201511556,-0.9237974286519836,-0.1417672558634298,-0.4272627543374783,-0.7445520518642049,-0.17864727482209777,-0.259302615305088,-0.96579612429122,0.08157913582864551,-0.3650914413174643,-1.2495167235748401,-0.0760761100440428,-0.31392953343327584,-0.8880685531688669,-0.11907695322499724,-0.2533029269353763,-0.7091279516920519,-0.09658513139665202,-0.069129399148159,-0.9649438497345899,0.022889099612617973,-0.1647282051592934,-1.234935088679144,-0.1347931361420372,-0.14885686639374937,-0.8710476194713929,-0.0927834842140815,-0.10773215232969365,-0.6657744311273157,-0.006130162473951654,0.13999141304972448,-0.9153829989156221,-0.044918573016957,0.024731529802041498,-1.1438395023346082,-0.11893300718784065,-0.009406155442468377,-0.8975582477433331,-0.06562661305874327,0.007033512536038151,-0.7233171061513273,0.006306696681402086
FIST,0.0,0.0,0.0,-0.3160725347411766,-0.20166749247664573,-0.07314967942729293,-0.5676636360925484,-0.5292983222874293,-0.11616922120598372,-0.6898259307350844,-0.897728195472428,-0.17856753220377164,-0.5690643090215746,-1.1710935936953981,-0.2180012651412341,-0.4311261179811497,-0.9278558317911688,0.10271415359325421,-0.522693080596428,-1.2048921255658298,-0.048885745819072055,-0.4804716365244664,-0.9238664817706568,-0.14349596432852055,-0.4270788272440499,-0.7444183762157605,-0.1813849818500043,-0.2582904967068282,-0.9660672954359546,0.07901259403423858,-0.36471376631657654,-1.2492025080487081,-0.076368201188182,-0.31517291732718755,-0.8922218521448918,-0.12022326071973151,-0.2562590600676765,-0.7124133728906127,-0.09969268656901618,-0.0685882011503715,-0.9657266742535903,0.021341187241476156,-0.1640806473144686,-1.2353228532845995,-0.1340035767836677,-0.14987968494019163,-0.8759530207111845,-0.0940371225773228,-0.11000418147279915,-0.6699329513732968,-0.010107775013772606,0.14059644088629833,-0.9175362390110359,-0.0453595957519013,0.02496520625973847,-1.1445220688572293,-0.11865448564066214,-0.009133783341786323,-0.90085106841306,-0.06673803297861193,0.0069236961598225025,-0.7264580709080318,0.003496838381907336
FIST,0.0,0.0,0.0,-0.31646200328074664,-0.19766731551992311,-0.06923811792920538,-0.569884611971607,-0.5315193600398183,-0.10889573372622305,-0.6865532390155806,-0.9088068998197631,-0.16841458290078565,-0.5618228766700927,-1.177215133950453,-0.20502427243201465,-0.41903926184548657,-0.9334533169913855,0.1050656961646773,-0.5103927593892819,-1.2046545638191337,-0.04380899212079669,-0.4727050215277872,-0.9186364649493849,-0.13318198087537597,-0.42024884120385175,-0.7439857040747222,-0.16773270921778693,-0.24767771185837034,-0.9688424799979625,0.07944870818104498,-0.35663909374933345,-1.2477005820072702,-0.07362661822532152,-0.31057539840627235,-0.8856473168712578,-0.11155985591770326,-0.24881819754409104,-0.7159143091492426,-0.08715880104975333,-0.06011391567966884,-0.9662138398278641,0.01983371716889491,-0.15926355596802996,-1.2354228124131823,-0.13428071329872635,-0.14761445077758933,-0.8708724931460567,-0.08800455903809995,-0.10548975490589353,-0.6739293409276399,-0.0003418846456714756,0.14794715661529137,-0.916764114438137,-0.04865403463505418,0.029835263969804786,-1.1438013018334603,-0.119342713533333,-0.00471883378936531,-0.8944899867084894,-0.0629236521372068,0.01486680192636458,-0.7254122686588795,0.009875842586177097
FIST,0.0,0.0,0.0,-0.32292952611003656,-0.20140615939535672,-0.06522171362023597,-0.5690275582993953,-0.5321133533925098,-0.1050605843892086,-0.6811497342230546,-0.9010463241730702,-0.16708525002883914,-0.5762484247088625,-1.1894266074385114,-0.20804270908158395,-0.4239669977565825,-0.9289994914123284,0.1152077180396821,-0.5186221380202568,-1.200091599827644,-0.04022090928384617,-0.4753500423380581,-0.9309778475005126,-0.14092207955905903,-0.41715895542751136,-0.7457522590582016,-0.18118956359637875,-0.25305582878656063,-0.9674516770966635,0.08707051719152152,-0.360256999472001,-1.2538511602131648,-0.07204037233821531,-0.31395271314116696,-0.8999000596785799,-0.12244352214045842,-0.2539743512560747,-0.7082514795699137,-0.10505546019364663,-0.06502512515856643,-0.9667604522774429,0.024922353578499482,-0.16335457748763843,-1.2426218119767738,-0.13090974859869825,-0.15214122673983116,-0.8830602588834807,-0.0923556483581863,-0.11156715194474154,-0.669244269906661,-0.008543323262018263,0.14421669302002268,-0.9167982957444777,-0.04601674940556851,0.02999462453241141,-1.1500407905454442,-0.11913501375932448,-0.006748051746882279,-0.9077810446794661,-0.06701766084445206,0.009253658396304144,-0.7308094937843196,0.00399951712235138
FIST,0.0,0.0,0.0,-0.3144952284810666,-0.20253639655655192,-0.06694296358491995,-0.5622384660286769,-0.5321510711867727,-0.11068835174105864,-0.6757843720366333,-0.8931327965461321,-0.17572424694343833,-0.5736609319132251,-1.1848956658205985,-0.22037644966458564,-0.418241128955106,-0.9300457600005195,0.10392550221205975,-0.514720017133475,-1.1961047082811609,-0.05276146085769248,-0.47255838559822916,-0.9244848081117152,-0.15288680711059843,-0.4128763496850325,-0.7412719674105807,-0.19264414913173816,-0.2483191490461167,-0.9686782748761388,0.07629958855633052,-0.35731615040688386,-1.2491365587686314,-0.08204600211721724,-0.31241849692539236,-0.8930418980722895,-0.12988368766895722,-0.2506665855457894,-0.702010019307331,-0.110983101377157,-0.06086216792396107,-0.9676905556932164,0.015085384292723112,-0.16115171475028192,-1.2383499398726416,-0.1394952198618092,-0.15209017637977235,-0.8805397087101267,-0.10028214904011484,-0.1104354531220137,-0.6703704943208346,-0.016655748351406898,0.147010256560573,-0.9163519380907558,-0.05474577689154598,0.031203610407557758,-1.1535794828505446,-0.1274950869881557,-0.005086775908467258,-0.910586630508933,-0.07487239712644223,0.012669168310462539,-0.7305556787206297,-0.003619675810385863
FIST,0.0,0.0,0.0,-0.3211788944612316,-0.2034348561434444,-0.06524312168299323,-0.5679771346793093,-0.5329730591273878,-0.10611475935203954,-0.6837120707142923,-0.895756983459637,-0.16936619893462204,-0.5789848862799852,-1.1838364634002954,-0.21152271869738912,-0.42647438182456954,-0.927395779284476,0.112473967046376,-0.525780419509532,-1.204195826757132,-0.0448281938823767,-0.4820912410833422,-0.9330743547900744,-0.1454922983906,-0.4219615844668852,-0.7481129068679013,-0.18484729014406465,-0.25558154904520763,-0.9667875008437232,0.08452421326090181,-0.3646538458428573,-1.2551460103964802,-0.07521323887271594,-0.3187355481691757,-0.8984018635098328,-0.12435526246911804,-0.25750001680915785,-0.7072884027673593,-0.1052176975210044,-0.06649723261673467,-0.9671487027837264,0.022511670444906522,-0.1668777458630506,-1.2439400653761972,-0.1329746302646782,-0.15655253676922412,-0.8836925714364487,-0.09388374098549411,-0.11475888911572656,-0.6712138600603236,-0.009199186224737043,0.14375547716119602,-0.9169287171476274,-0.04823001204167993,0.02841136073453956,-1.154059126895115,-0.12000679584916554,-0.009186376343409592,-0.9127178863932995,-0.06704753776316738,0.007568093668931809,-0.7358462930188668,0.004837080262036326
FIST,0.0,0.0,0.0,-0.3216787734546603,-0.20367234203016887,-0.06553649319295281,-0.5701353378128858,-0.530900928991494,-0.10690835304047562,-0.6870306885236538,-0.89605271984258,-0.17062708647567437,-0.5817427660540011,-1.1875679662052954,-0.21364493307759946,-0.4244015282954468,-0.92641547674252,0.11408383166452314,-0.5195888796239608,-1.2007737049599334,-0.0404289185968818,-0.47903812301394133,-0.9347536131512039,-0.1407044351532723,-0.421223689876562,-0.7500309103333366,-0.18091528804625634,-0.2541092350048206,-0.9671755252720494,0.08632564534263855,-0.36221544310855885,-1.255789976686257,-0.0715584852576094,-0.3174180282342937,-0.9031963718132056,-0.12173548227692406,-0.25596737159790617,-0.7106046505857272,-0.10452384223876658,-0.0660349546425778,-0.9681667550575066,0.02465346677932507,-0.16463380897960045,-1.2500232687758264,-0.12951099292522103,-0.15747562284789773,-0.8929225087515323,-0.09233534802039803,-0.11767773578167122,-0.6779841794643208,-0.00997613200229876,0.14350807045034228,-0.9193952533398105,-0.04572323832199737,0.031129713399853855,-1.159976762021516,-0.11760002432007291,-0.009022583594175385,-0.9199517999078238,-0.06638298229929898,0.00456327937324803,-0.739302910638624,0.0036114761125905204
FIST,0.0,0.0,0.0,-0.32621894402651963,-0.20417774720822823,-0.062214333785799304,-0.5723155604597695,-0.5302051059092222,-0.1023102294250733,-0.6874301074737916,-0.8963434854067684,-0.16539369621774389,-0.5876491087939487,-1.1916412301226535,-0.2071380099239533,-0.4262881049620655,-0.9277023059346564,0.11788994000509877,-0.5231195859344292,-1.2061725849300702,-0.0374353488076983,-0.4816802402142321,-0.9370057341574649,-0.13866131118192,-0.422745232936467,-0.7492747468591019,-0.1789750230907774,-0.25597704139667676,-0.9666828612724051,0.08892183264713148,-0.3658710563474268,-1.2580568040756814,-0.06809820202915355,-0.3197447044821759,-0.9052704652706492,-0.11792995833925647,-0.25721775244630923,-0.7118356131053196,-0.10078819045006362,-0.06819406837255712,-0.965716643817824,0.02607647329279583,-0.16876135115446983,-1.2462627666210389,-0.12646337600884466,-0.15952716254053553,-0.8905988386342513,-0.08812517069545447,-0.11668084107884617,-0.6746165223803867,-0.0053107353521887595,0.1413279010740194,-0.9166102998541331,-0.04544552356530114,0.02598143498172937,-1.1519823955096227,-0.11584570466391302,-0.014794196429453623,-0.913191342080015,-0.0639481739794192,0.0006038859091131502,-0.7333323829349189,0.0064314441702712916
FIST,0.0,0.0,0.0,-0.32366633120290733,-0.20306159309003446,-0.06449188383875108,-0.5701534667422631,-0.5310381250708173,-0.10540558118100382,-0.6848024707944643,-0.8962083375859957,-0.1685943808091219,-0.5854694632407511,-1.191381150093627,-0.21029392757710785,-0.42622816983349954,-0.9280976222610887,0.11386288724160695,-0.5228592135342763,-1.2037161340858156,-0.04190625707642897,-0.4795219690887971,-0.9331481332747388,-0.14241768771115662,-0.421196756352487,-0.7469880812458211,-0.18227251112247578,-0.25562092370777595,-0.9667770908346884,0.08601135457362892,-0.3635601781754028,-1.252439781442512,-0.07136001656348669,-0.3165431762059429,-0.8979203752177416,-0.12040800602319518,-0.255752584344548,-0.7079763156043274,-0.1030825208009792,-0.06777017834829559,-0.9660190311274036,0.02423735738568949,-0.16541923287708288,-1.2430918762316963,-0.12983808679356615,-0.1555237901717049,-0.884206774045974,-0.09069246289481676,-0.114291318499742,-0.6701928583267123,-0.007307754382222471,0.14114514551044033,-0.9174926500490108,-0.04620122897625635,0.02764176873963962,-1.1510125609274469,-0.11769209114182101,-0.011159924042840628,-0.9106943777837399,-0.06517185429677295,0.004198536381159284,-0.7338094356647605,0.005746109096627039
FIST,0.0,0.0,0.0,-0.3263774496031767,-0.20156812027548468,-0.06452320701663582,-0.5748977425031782,-0.5273645162780741,-0.10415165526030887,-0.6910930304811319,-0.8931209837831013,-0.16634351994608182,-0.5929180083640405,-1.1886746357806808,-0.20744287194333938,-0.4342693519093043,-0.9234368627101253,0.11666655637417309,-0.5292637877084773,-1.2018460786774428,-0.03941896358899526,-0.4866802524897619,-0.9350514487501943,-0.14174689815628597,-0.4284176635314112,-0.745790347904855,-0.18279011295040748,-0.26309248202481506,-0.9647706182829277,0.08838521773082607,-0.3704974891467708,-1.25569529939084,-0.07034888860507807,-0.3236808509648853,-0.9027841869651549,-0.12208868681438002,-0.2623038773305615,-0.7069094078969644,-0.10565489102356808,-0.07428450458008773,-0.9667551019619158,0.026031745415631666,-0.17249262751815173,-1.2478074632147378,-0.1288925549739515,-0.1633827448164111,-0.8908618527517186,-0.09200897273969257,-0.12303508059271934,-0.6729101680199512,-0.00929787436174119,0.13616112168774183,-0.9193332555263009,-0.04509694254871817,0.023942628964615978,-1.1586799242787698,-0.11823386696656532,-0.016238636537429546,-0.917756717100381,-0.066911582216394,-0.003234263324901092,-0.7347498821853047,0.003807437658660892
FIST,0.0,0.0,0.0,-0.3227731486141403,-0.19979131227655916,-0.06662864231271727,-0.5736900845233067,-0.5260157928681035,-0.1089437390210693,-0.6904545563905079,-0.8925628655527145,-0.17295066611971188,-0.5896123904680712,-1.1892597311403772,-0.21593668036424413,-0.43324642354936793,-0.925276015672263,0.10994508755969275,-0.5275456909662164,-1.205909398699205,-0.046045344107032704,-0.48589053480875083,-0.9409253652438632,-0.14778545888919487,-0.42964563677091977,-0.7528396304161438,-0.18893820472230483,-0.2606370913453339,-0.9654368475540199,0.0822135870182838,-0.3673659418041039,-1.2571885043580342,-0.0770336078135864,-0.3217511283578988,-0.9056994503480781,-0.12895104963823345,-0.262044606544987,-0.7094520962280132,-0.11303506419965087,-0.07174792509463654,-0.9652287742531652,0.020777391218695682,-0.16828901452714615,-1.2459091415738486,-0.13354667290297273,-0.160020673767588,-0.8909739014853267,-0.09674443495216363,-0.12088723177564306,-0.6757453401632,-0.014664389239160672,0.13784095483539732,-0.9167382982952542,-0.049440280948526316,0.025646488606109748,-1.1549938619800415,-0.12120898890226202,-0.011938485304957874,-0.9159690982862878,-0.06972502612935202,0.0033692213307226506,-0.7380666497901869,0.00043019681817898196
FIST,0.0,0.0,0.0,-0.3023718084613827,-0.20347227616279354,-0.0654256032107498,-0.5523160944788505,-0.516258715418226,-0.10998973233185459,-0.6747149210698024,-0.8619452720119546,-0.175008271439578,-0.5892895702050213,-1.1624395686537226,-0.21817225269791266,-0.4162428008414014,-0.9374301782186888,0.09810746829230738,-0.5213664406734004,-1.1828364255415789,-0.05552243577283515,-0.4715072606668203,-0.8938061590354021,-0.14911958747309492,-0.4048740500646062,-0.7223044185317006,-0.18501296334507278,-0.24764122253733778,-0.9688518075021653,0.07134199592242649,-0.36400406858869716,-1.2268515101209447,-0.078104085939068,-0.3122370907482216,-0.8570687815811434,-0.11426408788795486,-0.24165277114424455,-0.6917876115580891,-0.09061443431164548,-0.061470882095015125,-0.9632245776224655,0.011179123883619633,-0.1697268032142059,-1.2140566638833776,-0.13749603073125988,-0.15208376296792964,-0.8456043093139569,-0.08756060374940197,-0.09648858870919584,-0.6587745295971834,0.00044030015125732364,0.14582804302545288,-0.9125306531638819,-0.057458412587627426,0.02016827485306517,-1.141457992731028,-0.12324684787726885,-0.011608386101469937,-0.8938558988398779,-0.06282545493177537,0.017418216330045498,-0.7299818126189956,0.012296091640803627
FIST,0.0,0.0,0.0,-0.3197421209063277,-0.21103986646364398,-0.06355089700097978,-0.5593037515128699,-0.55699714835489,-0.09980753831846817,-0.6546922270534465,-0.9299807444015326,-0.15740113979416984,-0.5504026640454553,-1.223438592617834,-0.19389003139452068,-0.3948910972013417,-0.9436860047384948,0.10927962409063448,-0.4842282064045332,-1.2074094511966147,-0.043241081852733475,-0.450001771155466,-0.9260925289658011,-0.13818478932768155,-0.3949597542241792,-0.7480444080458243,-0.17564959958626405,-0.2240196812381074,-0.9745846204501571,0.08020144251927619,-0.3255620539680551,-1.2614559412967568,-0.07606348311609559,-0.28951848102514466,-0.8945666790620566,-0.11965175526957104,-0.2296165926461803,-0.7119358155382398,-0.09860168541518914,-0.03513875522471999,-0.9677141440025608,0.017665783999410923,-0.12633596959631202,-1.2438572366779528,-0.13816300720516295,-0.12583490973427894,-0.8745947603326523,-0.09206331173969193,-0.08743403656023369,-0.6687714635578519,-0.004096852453354331,0.17517430162961373,-0.9114522145396636,-0.0532413601567495,0.0662408412524075,-1.1530940165335029,-0.12661664933238986,0.02351616702754222,-0.9031831354281711,-0.06873325184897223,0.038256966235448615,-0.7290486921510706,0.00622196807926513
FIST,0.0,0.0,0.0,-0.2602077215756745,-0.18559744994200061,-0.07995570934180166,-0.4440296984791982,-0.5078593630367424,-0.09486535671114484,-0.559149605276428,-0.7891833229387838,-0.107506608672155,-0.6509928992775762,-1.0217355577009333,-0.11281744433012279,-0.2877093895851872,-0.9522261160841793,0.03448214153094116,-0.3837678150059593,-1.2918917053577592,-0.0016153606113900481,-0.42591877478099077,-1.4879515807369448,-0.04513966535779714,-0.4446389485347211,-1.664118768403015,-0.07934880178894646,-0.10868237719659597,-0.9940765266753344,0.027035140033073543,-0.14961164706971508,-1.359354718922978,0.018653218308274332,-0.1653612394736112,-1.587181987358657,-0.009397522912226498,-0.17530186828819969,-1.7668485528160038,-0.033956726526206314,0.06153815424109102,-0.9464049249632163,-0.0026427922149142857,0.06862002159678048,-1.2920329422089085,-0.030688852237338842,0.06496895152873579,-1.5034408507640047,-0.050322734939412445,0.05501698123551045,-1.6865740100509439,-0.06678595998224247,0.22195167365937982,-0.8307553356715253,-0.04409284632583347,0.2909716595887127,-1.076337334491973,-0.0778210968635999,0.32705935855812607,-1.243013033618534,-0.08543626845546376,0.35562216366259836,-1.4073693117585588,-0.08865326668757505
FIST,0.0,0.0,0.0,-0.25635383605877454,-0.18162025142384128,-0.0845502476262526,-0.4388139287161367,-0.5094912778238128,-0.10324649645385274,-0.551440608548818,-0.7959994558017719,-0.11836987025425458,-0.6435774412676458,-1.031174764252468,-0.12660314526826527,-0.28222653668397785,-0.9541344204440142,0.02056940114148587,-0.37345141968940854,-1.2953710651688872,-0.020691196231998374,-0.413478035663345,-1.4936944002393067,-0.067568622720449,-0.42993390295360695,-1.6723575808285218,-0.10460064474337936,-0.10264241507708476,-0.9947183192377345,0.013359734097143458,-0.13853338717308555,-1.3644533925062652,-0.0014189384095157776,-0.14962100069360243,-1.5957443684848163,-0.03473676664234351,-0.15396406772970045,-1.7814343869037432,-0.06413396117693929,0.0669982142233269,-0.9440534769116946,-0.015538614140586677,0.07980948748132849,-1.292839078274272,-0.049340222167452916,0.08119254592991659,-1.5039784938346847,-0.07444194627020229,0.07636679719272146,-1.6885348957317066,-0.09552104095822933,0.22719637161817455,-0.8247846268314556,-0.0560143961168815,0.29737359055307977,-1.0720093512922764,-0.09434432626617581,0.335012792683412,-1.2400955532258755,-0.10560012613929277,0.364137852819475,-1.4061790979208395,-0.11244092854206486
OPEN_PALM,0.0,0.0,0.0,-0.25200076267388355,-0.1947589831980977,-0.10477254117571627,-0.4240877631418909,-0.5111379375624687,-0.14529139170763994,-0.5344387642303724,-0.8032698186211119,-0.17963702392551753,-0.6132579658446913,-1.0615819632701127,-0.20780747325657584,-0.25568855932614454,-0.9619980855316882,-0.017822188786517708,-0.3311581417807582,-1.309008387601181,-0.08224204720256911,-0.3705552777123907,-1.518205761292746,-0.14513141451439668,-0.3864579297795279,-1.7102287946378754,-0.19373237065708823,-0.07365964639803463,-0.9972834383927753,-0.024452267652186874,-0.08874991375148426,-1.378208137665767,-0.06523580767070099,-0.09341231914965244,-1.6234511313003746,-0.11551282665518675,-0.09488010340553668,-1.833030941825134,-0.1572760646792491,0.09373170900373284,-0.9403231121933794,-0.053481898610737155,0.12361109954391715,-1.299112811960972,-0.11010895310418647,0.1318787443752769,-1.521456203399346,-0.14917936026045922,0.13223354170186852,-1.7226934895143993,-0.17963412222895014,0.24618472401318284,-0.8123245571143656,-0.09477575616573988,0.3336415424165293,-1.062408258062287,-0.1516965199341157,0.38437774076949627,-1.239857684112038,-0.1746342732303542,0.4239213841511624,-1.414522023408193,-0.19020616576075192
OPEN_PALM,0.0,0.0,0.0,-0.25534810051802553,-0.19268343323791415,-0.1062810097102468,-0.42874840092340316,-0.5094935138456781,-0.14642617521441764,-0.5390593328745584,-0.8037638768835338,-0.18006236356333186,-0.6175088175262133,-1.0639283309891037,-0.20728362509415751,-0.26269204985442923,-0.9599620621294345,-0.01444330475199521,-0.3404481632831316,-1.3076382814102703,-0.07708989477307923,-0.3791597928238902,-1.517266911813446,-0.13958577881864645,-0.39372257731513743,-1.7101773405064886,-0.18805112779698688,-0.07900092721488962,-0.9968745425073245,-0.019776630092545718,-0.09523666188240276,-1.378768586440657,-0.05797809898695759,-0.09932077206630743,-1.624916726595103,-0.10848828287017158,-0.0999448965673849,-1.8350361408795577,-0.15108296076025207,0.08876091818162304,-0.9407179822784254,-0.04780619850557186,0.1160589522693056,-1.2981748038218008,-0.10197599479952502,0.12364842914697907,-1.5191250020502867,-0.14105935086815588,0.1229085921080425,-1.7186746184038346,-0.172059813265596,0.2417198755708308,-0.8139022840092346,-0.08830047348248565,0.32314968127571886,-1.0658601879688292,-0.14306386718561917,0.3708158340392073,-1.2418649244802384,-0.16482787004982308,0.4078875999574941,-1.4150332574073765,-0.17995644817101222
OPEN_PALM,0.0,0.0,0.0,-0.2581450184268055,-0.18179366227590857,-0.10611187607948845,-0.4326452973239285,-0.5076789074071261,-0.14311055916585833,-0.5391107417104958,-0.8075300502883048,-0.17318319854275754,-0.6295736501991818,-1.0621415703357562,-0.19735766756064307,-0.26980455771382644,-0.9570240329623071,-0.01572215529043485,-0.34688785537943867,-1.3067756521563105,-0.07628248225886153,-0.3864065931732058,-1.5180725537584416,-0.13685794159522546,-0.4033168299046413,-1.7126313873592358,-0.18445398927509943,-0.08585564454653771,-0.9963075871935829,-0.021514874546381107,-0.10240951534549596,-1.3809273238801658,-0.05823980189020199,-0.10660655452406206,-1.6297864514714608,-0.10734119267886746,-0.10663150911580732,-1.839301074587613,-0.14911318199544601,0.0824524845384575,-0.9406114518302806,-0.049800128666362534,0.10848084184651181,-1.3017912866317096,-0.10303198126393563,0.11668354182378471,-1.5264057716364254,-0.14086663195318191,0.11754169253272242,-1.7284724365285211,-0.17148000277378428,0.2374441971622087,-0.8146273875218686,-0.09063369517447747,0.3145540651844993,-1.0688665635169483,-0.14594731502074204,0.3582926423953336,-1.246139405274632,-0.16725850270942472,0.3921691290425537,-1.4207366300677438,-0.1822094673711629
OPEN_PALM,0.0,0.0,0.0,-0.2607887597526047,-0.18046939450939276,-0.10867334720417589,-0.4347030346594812,-0.5032252080262651,-0.1479555459319334,-0.5414735829685958,-0.8030308764768257,-0.18000113624046157,-0.6316995181435678,-1.058854698600824,-0.20609195619501655,-0.26948941458826736,-0.9535410041246576,-0.017695288824634864,-0.3491051035319588,-1.3011422818498877,-0.07990253338163257,-0.3898426317617846,-1.5122588116445703,-0.14188588619497527,-0.4074061754040905,-1.7075760470660015,-0.19045333758784624,-0.08468884277343071,-0.996407446735369,-0.02247062933154896,-0.10191617548033031,-1.3795683152268672,-0.06095451339482402,-0.10803066183649732,-1.6282722700943568,-0.1117882665462188,-0.11029832420147319,-1.840710789958806,-0.15482874257805515,0.08374687403769265,-0.9433421239868323,-0.04986720805483461,0.10678951776006454,-1.3030542218441945,-0.10468387971664582,0.11238424116020576,-1.525419545721417,-0.14373514796176867,0.11101970532188019,-1.7272622722695952,-0.17479201209623538,0.23841474401085547,-0.8204278502736483,-0.08994107649357222,0.3148529595897289,-1.0788150775360024,-0.14562031618928858,0.3598887847433522,-1.2566058049098394,-0.16725548310788116,0.3956933524190299,-1.4316803778998148,-0.1824262902136806
OPEN_PALM,0.0,0.0,0.0,-0.25610964612855197,-0.1813230060244243,-0.10554916243499107,-0.42909511446456244,-0.5042301512987434,-0.14392916700221142,-0.5359324504378917,-0.7999426957057274,-0.17568979148679273,-0.6240458064552703,-1.0551506939821744,-0.2016671902949826,-0.2674020641578838,-0.9541461179641116,-0.017221111384603423,-0.34640138335661586,-1.2993449735803753,-0.07955382646984338,-0.3865088437730858,-1.5093987179177657,-0.1413027569738151,-0.40313973840516026,-1.7037522485360246,-0.1897572561929404,-0.0833070319769483,-0.9965239276721817,-0.023993775828574596,-0.10055699802427795,-1.3779261986700864,-0.06327061852013874,-0.10612232922661008,-1.6249402917609599,-0.11403603554890973,-0.10802841278595979,-1.8362448921635754,-0.15699971349008118,0.08467014319976046,-0.9432783760731211,-0.053093082424635465,0.1094402129927856,-1.300363024170187,-0.10859221266524688,0.11598653705820784,-1.5221467562395359,-0.14773609329277046,0.11499075717034322,-1.7240064150617824,-0.17901744686156543,0.23845682382090186,-0.8192738453252856,-0.09454895720392822,0.3149818409838877,-1.0765868306772566,-0.15070222169064357,0.35989869104348504,-1.2542916140359692,-0.17242937650059073,0.39446859101146764,-1.429905656355221,-0.18789770893335744
OPEN_PALM,0.0,0.0,0.0,-0.2561897577563529,-0.18514005007078896,-0.10664689033501533,-0.43240352604074644,-0.50096046107558,-0.1454744151782485,-0.54479278173696,-0.7919076698969985,-0.17767038527130513,-0.6273725784928211,-1.047696439165101,-0.2030123589755968,-0.26867330031897346,-0.9534643249703944,-0.013134320621486475,-0.3533230353989184,-1.297290468894887,-0.07556155995786723,-0.39627953653913567,-1.5044311739440477,-0.1372531243244402,-0.41325934984078644,-1.6967637406266856,-0.18450429612683378,-0.0860142875311813,-0.99629390359497,-0.017719692704234194,-0.10563636401407629,-1.3778756142242785,-0.05393214882414419,-0.11107417233357716,-1.623514915299909,-0.10048204213239714,-0.111215538378737,-1.8315054415170997,-0.1393589683601857,0.0826023647707335,-0.9441097925337829,-0.04535217604696549,0.10484684458178513,-1.3043197736231797,-0.0968485804539558,0.11200902978164567,-1.5254167196134651,-0.12896339596553177,0.11278952200798793,-1.7234904990075466,-0.15404018421106697,0.2376096013840804,-0.8212016753776683,-0.08602481947112676,0.3087882175705947,-1.0812077747209798,-0.13690150336872295,0.3502743674058545,-1.2584156189244669,-0.15262522609861343,0.3837077079023348,-1.4320063519762873,-0.16257227048168857
OPEN_PALM,0.0,0.0,0.0,-0.2550170324685098,-0.14963396469475088,-0.11877258657921001,-0.44228898099411723,-0.4393063684877032,-0.1756708505680167,-0.5746104077300752,-0.7195860080999309,-0.22297883620394518,-0.6832578550949343,-0.9795499042906568,-0.2656779845649132,-0.2748005271734716,-0.939870445657893,-0.06945206642280166,-0.362347718685679,-1.3333792674013554,-0.14979208831131782,-0.40693919142231405,-1.5744412058238888,-0.21897442199715367,-0.42471071469544464,-1.7864777683674335,-0.27023204754626773,-0.07540328757418896,-0.9971531197479172,-0.07812574783579587,-0.10286755895868334,-1.4455055383156528,-0.13520060508773188,-0.11136155940266149,-1.7352308105637078,-0.19639018623151522,-0.11087425877341864,-1.9786923234175615,-0.2442038378495359,0.11675196372199423,-0.9508835190824594,-0.10635177915736106,0.12425532416268024,-1.3669305394536897,-0.176559639591558,0.131548200828931,-1.6252578896465726,-0.22469203651145747,0.13437517810796393,-1.8592688196347205,-0.26007855678895936,0.2999670998575458,-0.8235527161008438,-0.14591255602878697,0.373938978960058,-1.1154947012885061,-0.21276057168867624,0.41813443330641037,-1.3112697586810682,-0.23647167778386408,0.4507532800588242,-1.501625700421002,-0.25118445401504874
OPEN_PALM,0.0,0.0,0.0,-0.24981516023984346,-0.14799290073092758,-0.13151468386522047,-0.4373988773767028,-0.4353060912669661,-0.19863854401963477,-0.5703780890173409,-0.717195558343802,-0.2540238986124529,-0.6805751944636781,-0.9787693510431968,-0.30520531487010283,-0.2689636287649837,-0.9411977020551194,-0.09634616849960344,-0.3604046245244805,-1.3457381718346426,-0.18955582505623592,-0.4027668350938123,-1.5970481205417826,-0.2655575879251252,-0.4155655886247057,-1.8199922526057977,-0.3199797946214761,-0.06572421819130851,-0.9978378260735264,-0.10143933400736306,-0.08853840403905527,-1.463782659685781,-0.16742774022607831,-0.0928004738936689,-1.7570404567719098,-0.22960866044537015,-0.08672631489697019,-2.001017737001012,-0.27741112269278734,0.1292287711307257,-0.9450797513996817,-0.1266034380107862,0.14328623978176244,-1.3750776882153721,-0.20248986321540322,0.15089981086625606,-1.6396225503569872,-0.24919359733229834,0.15513165181666105,-1.8760399312294762,-0.28291316883151696,0.31513550381982025,-0.8111786610000823,-0.16423044239445309,0.3940220449477424,-1.1131306610864624,-0.23504770399548125,0.4408548431190861,-1.3179053709718498,-0.2589549372017857,0.47565921071984635,-1.515779253867894,-0.27311802708359906
OPEN_PALM,0.0,0.0,0.0,-0.2500277721350599,-0.14564995976396805,-0.1247002569497667,-0.437334179446693,-0.43175730247515703,-0.18588512500047527,-0.5673531175301638,-0.7076200597413382,-0.23622531567490979,-0.6768973638503301,-0.966282418870731,-0.2817162934758428,-0.2691639490735216,-0.9404391886813437,-0.07617378427921535,-0.3599792438939741,-1.3259968154052824,-0.15713916926005653,-0.4083383205149586,-1.5595577984902464,-0.22779059593140932,-0.43022553152851817,-1.7690198839565399,-0.2806369701015512,-0.07395314517155263,-0.9972617170628959,-0.08338648206759625,-0.10155217057363575,-1.4406204198152746,-0.14039537893080759,-0.11159223835385013,-1.7247863529532914,-0.2014368005638485,-0.11339971600494508,-1.9646956287051187,-0.25024181417763486,0.11282236082734233,-0.9489090756093385,-0.11064762347369593,0.12235143609404621,-1.358881928650788,-0.17973121963718244,0.12828606815473417,-1.6119694217984657,-0.2267385717439375,0.12912766739481343,-1.8427122037483115,-0.26275959737890336,0.2905083939343992,-0.8211098680902631,-0.15014459473947664,0.3620696678128807,-1.1077664121215611,-0.21636850053410064,0.40522309618328173,-1.300042176379813,-0.23966893464435238,0.43778444006760997,-1.4865675152449782,-0.2551750487195941
OPEN_PALM,0.0,0.0,0.0,-0.2503915804542846,-0.14346724478455333,-0.1252641591517269,-0.4437702564003995,-0.4299997026497531,-0.1887790935741938,-0.5767263996064778,-0.7068990896572759,-0.2409678596084404,-0.6849016590624656,-0.9709359073402086,-0.28896248287102133,-0.2780899958498582,-0.9408501612588911,-0.09127753515751574,-0.3671649796862753,-1.3360888946066278,-0.1782991300949348,-0.41290571398237036,-1.5767709916898218,-0.2499779137734183,-0.4315326395521815,-1.7899971557533414,-0.3028054247427082,-0.07963793654648389,-0.9968238555846356,-0.09997292895996582,-0.10237422520432829,-1.453821831240391,-0.16381339342499363,-0.10781866772672428,-1.7439169461309874,-0.22676391955254974,-0.10635317760280229,-1.9865519432903311,-0.2760550848718952,0.10994313936632534,-0.9460782035432996,-0.12799920497975947,0.12129681625937457,-1.3699204839788321,-0.2045363089964998,0.12712250628202892,-1.6281945755501632,-0.2549135763106686,0.12752209278550652,-1.860167683771229,-0.2922082317324538,0.2898752506186676,-0.8144196466983359,-0.16739194425318027,0.3678101050661887,-1.1078693728111413,-0.24037181653297635,0.41494643750727006,-1.3055471186452576,-0.2674920184395491,0.44986288080324544,-1.4963505910059824,-0.2849082641468349
OPEN_PALM,0.0,0.0,0.0,-0.24977927867935934,-0.1536831362061466,-0.12387261123476415,-0.4340881348044241,-0.43980576640963154,-0.18433233237528884,-0.5634800108341194,-0.7153944329374733,-0.23464046241407338,-0.6687238769060819,-0.9764553765049102,-0.2805774444235095,-0.26503603568488676,-0.943978766366229,-0.07484942145460757,-0.3528017518412183,-1.3366117893629834,-0.15803132083443117,-0.39708575111259514,-1.5775424249285668,-0.2289992495250486,-0.4129905834702299,-1.7904412652156012,-0.28120358078142565,-0.0657522561999042,-0.9978359789086692,-0.08311320015069593,-0.08674308003403315,-1.4549849640789063,-0.14247332748900945,-0.09246050873524807,-1.7471048275892906,-0.20465636296400053,-0.09069524400032827,-1.989292757744521,-0.2530459343015168,0.12369717257564249,-0.9449581839381208,-0.1117469164638035,0.13903103309832732,-1.3670727512399756,-0.18406908980799383,0.14595269699514557,-1.6255146100719708,-0.23252851084493492,0.14695849208606482,-1.8565380523948036,-0.267838624513153,0.3037170441068297,-0.8116628409003351,-0.15220215544083568,0.381171788075297,-1.1082804772128996,-0.2202444241448137,0.42625847554108104,-1.3077515370829775,-0.24413236191013446,0.4585624143821281,-1.4999361116776873,-0.25912273133648284
OPEN_PALM,0.0,0.0,0.0,-0.2547909113865004,-0.14437303027879891,-0.12280508209507449,-0.44396706832113236,-0.43139341047238855,-0.1837537479644435,-0.576517568944562,-0.7097705210698756,-0.23439033820884272,-0.6853674088481446,-0.9701885801935625,-0.2805250473289606,-0.278166110378307,-0.9416198429883477,-0.07821623344295564,-0.36497640711767254,-1.3342356494732828,-0.1610631413222822,-0.4091941914666297,-1.5749551273239255,-0.23164316016211503,-0.4263611774458439,-1.7882885690048538,-0.28386248117705043,-0.07885603654624171,-0.9968860142966285,-0.087015913825326,-0.10232655223937678,-1.452301066517269,-0.14554871883575798,-0.10849158760094013,-1.744933523003818,-0.20659870961732976,-0.10714269334261063,-1.990201827490828,-0.25462751994484206,0.11195415007804416,-0.9458443280715835,-0.11555445722504523,0.12229988186731847,-1.3677015877114937,-0.18676554187484848,0.12805167452162672,-1.6263689152868488,-0.23438651943074465,0.12814902790460747,-1.8600230426515216,-0.2699011812015418,0.29341820826801285,-0.8133530948842362,-0.15589820575682875,0.3702461172248773,-1.1055301493533272,-0.22423012265957384,0.415960455251957,-1.3025593434029628,-0.24851576926700747,0.4499968680209819,-1.4923204353081403,-0.26387430923156746
OPEN_PALM,0.0,0.0,0.0,-0.2542725920573239,-0.1415995514686878,-0.12609477111925796,-0.44668432389225093,-0.4265127742043321,-0.18894609381223976,-0.5818436387030533,-0.7063835683840938,-0.2406555230999508,-0.6948285042972281,-0.9666383467641559,-0.2873753826569088,-0.28385742283134485,-0.9379157763717032,-0.0838227643728685,-0.37322475631864227,-1.3326768521212762,-0.16710229585741238,-0.4195722715303666,-1.5741990848939171,-0.2373478123315844,-0.4387018892671427,-1.7889480104545759,-0.2892962981096028,-0.08557567194185886,-0.9963316738775795,-0.09065679099288666,-0.11020841979600347,-1.4549399901987625,-0.15032250591131166,-0.11585022944493924,-1.7491086440831074,-0.21149194414934588,-0.11345148142980106,-1.9946190350609887,-0.25957638225510854,0.1044226281628229,-0.947436941975745,-0.11710544406803254,0.11535608164348712,-1.3698596897012814,-0.1889255977932361,0.12171535392779578,-1.6288993906562295,-0.23719618257905462,0.12251704398454703,-1.860163009021671,-0.2729577843935441,0.28623883590503707,-0.8193492635724343,-0.15545734500063751,0.3643572199773549,-1.1144283077934205,-0.22307845331014317,0.411951015508796,-1.3109316976310441,-0.24725536868194334,0.44826832965943153,-1.4978201092403305,-0.26263296580555784
OPEN_PALM,0.0,0.0,0.0,-0.2550846762551913,-0.14483050945845902,-0.12166030074733665,-0.44637794279065757,-0.4301719582676296,-0.18230590721301673,-0.582407794658364,-0.7034948420817633,-0.23267086646431043,-0.6946892900250937,-0.9590793656687183,-0.27879812319791997,-0.282315241319965,-0.9394872264755125,-0.0787964164178177,-0.37207036517630515,-1.3339903565015465,-0.16056720057311383,-0.4188641105109431,-1.5723906141903325,-0.23054886056923282,-0.439682721288493,-1.7851907757729133,-0.2831428029355015,-0.08343453293289861,-0.9965132606815974,-0.0888768876238057,-0.10865347250582491,-1.4538372686232504,-0.1491704366856035,-0.11630005582058761,-1.7464041727422501,-0.2130025061612528,-0.11735399748136088,-1.9919737013508607,-0.26355711322082154,0.10563501458765441,-0.9467118660410222,-0.11832029936123456,0.11688820747493554,-1.3690671583032767,-0.19203857818078976,0.12162666229073796,-1.6279607487222183,-0.24303336852275503,0.11965072561286795,-1.8626628295386238,-0.2813176260046761,0.28558821146581453,-0.8162568108526691,-0.1590215562777666,0.36246477187830173,-1.110848392372628,-0.22999017767842625,0.40839729514764445,-1.308542600647005,-0.2566150780779931,0.44170189241529567,-1.5003807843878865,-0.27420402963465623
PEACE,0.0,0.0,0.0,-0.20818745817741652,-0.1553049671039856,-0.12163552947037845,-0.29116083082530453,-0.48348958436078815,-0.18283446718965102,-0.14633444197034876,-0.7569898499516394,-0.24599980363615506,-0.00037183893663973115,-0.9268172329534086,-0.302374945962737,-0.3306973254134173,-0.9581927788003254,-0.0892737881967568,-0.4245437158221385,-1.3638276639366038,-0.16939769668369206,-0.4805952833350946,-1.6120271803837345,-0.21967261666001875,-0.5257295835400551,-1.8174783036608118,-0.25423123048674295,-0.1352894219374807,-0.9908061224638363,-0.10472516207776338,-0.12258980190184272,-1.4575322654737721,-0.19799332717908238,-0.11475477724458559,-1.751001685576845,-0.2658548252438003,-0.09823518420470953,-1.9881673633282937,-0.30205229301467706,0.04370737125936535,-0.9109825562913865,-0.13580443966124386,0.062241270298300025,-1.1261761927695324,-0.27559501891215477,0.009984934107297604,-0.8905411687086403,-0.3049735660425725,-0.023132283431966896,-0.7151297783359128,-0.2849884127021429,0.20357622714165968,-0.7665620261862115,-0.17602546403842495,0.20177531815230412,-0.9330459514685087,-0.276447685085401,0.14585792668558267,-0.7592770281582001,-0.2677423895963491,0.11162376493165181,-0.6088649666267477,-0.23828042850101822
PEACE,0.0,0.0,0.0,-0.203361612961447,-0.15075320293355232,-0.13445223222037408,-0.2837564080246966,-0.47134186831039265,-0.20207449541773573,-0.13641468584812447,-0.7446205160965044,-0.26966025193921866,0.0149987805074703,-0.9152165866748692,-0.3282167504982487,-0.32854966525915247,-0.9615068720744274,-0.10124274231512605,-0.4129311869044624,-1.3867086128255304,-0.18591793389923886,-0.46124105933270537,-1.6454803847356099,-0.23707704835300172,-0.5005076937922345,-1.8594507568808205,-0.2704446889500638,-0.129489224245432,-0.9915808291835397,-0.11181245028225661,-0.11873677334849286,-1.4641768866637677,-0.2079335848940229,-0.10674593937016764,-1.762532612233306,-0.27185795682069414,-0.08773911800984925,-2.003075294180631,-0.3031013848604154,0.053215986488439344,-0.9055499661571612,-0.1395569701382623,0.07005354195218161,-1.1053971193005188,-0.28891880321955676,0.018765419282183178,-0.8479521008754283,-0.3149816360911425,-0.013766145094611246,-0.6586478482139619,-0.28723530512083534,0.2153273008899665,-0.7532010667487925,-0.1774157101985183,0.22089894706835503,-0.9155164233830291,-0.28795660758520386,0.1602253606660958,-0.7346655542076904,-0.2789958127369245,0.11777308092546103,-0.5744801877350952,-0.24517066371226562
PEACE,0.0,0.0,0.0,-0.20535601209642823,-0.15239049086539577,-0.13527042351984464,-0.28492206699879785,-0.4668582757993065,-0.20994443875454755,-0.13991390010482857,-0.7421925621018565,-0.28499694239848145,0.013291810705750114,-0.918759005851533,-0.35149564169576275,-0.3207365959134653,-0.9603371838975825,-0.11727809223382028,-0.4089551100115362,-1.4014532844885796,-0.21548337236097675,-0.460756626576401,-1.6723420975061678,-0.27531871787788825,-0.5014735048968423,-1.8958118752035908,-0.3137243152969198,-0.11846082105429317,-0.9929587271760809,-0.13152019117730965,-0.10768477027558983,-1.4826353180736285,-0.23995144470434301,-0.09706828299186968,-1.791505880317161,-0.31071016455326556,-0.07922437823262067,-2.0431897193164503,-0.3458671987286206,0.06725540037237634,-0.9067118394276947,-0.16182590378884448,0.08399731208485973,-1.11664764246692,-0.31673365585072905,0.03004083046946931,-0.8638831345745728,-0.3403824486937885,-0.003936144648133675,-0.6731150495609625,-0.31114381695495374,0.23400660578625906,-0.75196147555201,-0.20244095621151756,0.2355402291166889,-0.9140551916699319,-0.315216485207858,0.1737085169424508,-0.7355484950380942,-0.30250309217142196,0.13164772672801134,-0.5744722106677532,-0.2654406406925916
PEACE,0.0,0.0,0.0,-0.20173339065917217,-0.1606606622910982,-0.13361510885369215,-0.27757903874455603,-0.48174584946737575,-0.20150757983272422,-0.13000689456785267,-0.7532508558360105,-0.27051982101692834,0.02730302612456413,-0.9227871521546817,-0.32990590880102294,-0.3135442114052195,-0.9647181677063098,-0.0943252781394398,-0.40077577871701586,-1.3940860900189775,-0.18209041358208472,-0.4505186051868987,-1.6551890027003495,-0.23439923139012434,-0.48916128688283816,-1.8707923335222787,-0.26773102018128625,-0.11363895798962535,-0.9935221120976786,-0.1066879448067379,-0.1043985157655614,-1.4704481079624063,-0.2054336654017962,-0.09109747398583953,-1.7691103617509307,-0.2703757290080105,-0.07006100450998153,-2.0120781626142703,-0.30061203953150656,0.07029569617668048,-0.9058132098867748,-0.13706054637127774,0.0818970305468598,-1.1013142597254455,-0.29046629347967434,0.031056647052527524,-0.8404689295817543,-0.31654110389778956,0.00222234213754053,-0.6519305598261772,-0.2862356689678414,0.23326496304544062,-0.752677379278779,-0.17751303755422615,0.23110719725972279,-0.9081044655937978,-0.2883318101193105,0.16849319547150507,-0.7282716145509174,-0.27780294317420173,0.12868982613851335,-0.5713298754465047,-0.24177060387894653
PEACE,0.0,0.0,0.0,-0.20309022767367035,-0.14829874872215562,-0.1436669556801508,-0.28518612085655576,-0.45758715422376867,-0.220657300072557,-0.1456144956220832,-0.7402376852964156,-0.2962267850402482,0.00926773959300829,-0.9238295453974703,-0.3618718475038635,-0.31955693284636083,-0.9632360827102843,-0.11623573139558055,-0.40161688276037116,-1.4064835842371275,-0.21023868818545283,-0.4475467566059627,-1.6752010861240005,-0.26699570767955905,-0.4843629334394392,-1.8966108888584037,-0.3036032546207385,-0.11635129549303717,-0.9932081232234722,-0.12607222125972997,-0.10120744271903595,-1.4809864007421436,-0.2308185783267583,-0.08543299341150523,-1.7888639718124015,-0.30030472616535026,-0.06546662980741397,-2.035624293121163,-0.3351738536787432,0.0679608970577181,-0.9054033630902779,-0.15343244536267028,0.08695410276981735,-1.110528908928004,-0.3102010756316186,0.03274651855349783,-0.8602248747225988,-0.3402693316298565,-0.0033732880095280683,-0.6707798855716686,-0.3149686018182509,0.2308929574286289,-0.751672779551388,-0.19138453341021341,0.23762730784602684,-0.9128565788851775,-0.30863904107175566,0.17725044052095096,-0.7324636697140051,-0.3029016884695832,0.13332507632323642,-0.5674427430437758,-0.2705911654352206
PEACE,0.0,0.0,0.0,-0.19918788475235394,-0.140156239403712,-0.15094551791937258,-0.2841460693685842,-0.45083044821326207,-0.23387330195045372,-0.13986931477406983,-0.7356658304658399,-0.3144681663635673,0.02105253720395185,-0.9274055680963946,-0.38497072638543794,-0.31503655339459324,-0.9645016025104761,-0.13226227695013212,-0.40181911283643257,-1.4132606432074961,-0.23513918962993716,-0.4491891798654644,-1.688307138289717,-0.29666465414868304,-0.4860381815889128,-1.916674365883012,-0.3364241259036625,-0.10690568879968776,-0.9942691656197854,-0.1419254332770052,-0.09109980879148104,-1.494245739364044,-0.2539253350769395,-0.07611406740513577,-1.805320354219796,-0.326052128845323,-0.05749840734499281,-2.061257123860608,-0.36300559913265124,0.08046228875711363,-0.9037897879791024,-0.16938282570406277,0.09983391345027752,-1.1249365746117734,-0.3322270479230851,0.04911267576847342,-0.8700612774350265,-0.3584662805262593,0.015290258113314371,-0.6794194353432839,-0.3298785029299389,0.24624748842996813,-0.7437522486117826,-0.20817527411610157,0.2556166430246652,-0.9177351178629714,-0.32872770721113664,0.1952385827904658,-0.7360062747155189,-0.3203104151642367,0.14963813208691268,-0.5709889329245824,-0.286057115012577
PEACE,0.0,0.0,0.0,-0.19731318351266916,-0.1491403533731441,-0.14144186811640597,-0.27702092523868616,-0.4530967383658754,-0.22222371212533892,-0.13720310611620837,-0.7263257509967127,-0.30243524233147745,0.020473422024789734,-0.8981956614469622,-0.3728921777114223,-0.30846348329994966,-0.9645781440008758,-0.1293525915646899,-0.3929832131044727,-1.4175655357928807,-0.2330459137031741,-0.4389705894229904,-1.6941025285593694,-0.29450478355108883,-0.4745552646597692,-1.9239268619892127,-0.33325453723548215,-0.10424718162153378,-0.9945514190447706,-0.14254426136255025,-0.08900712602635936,-1.4954917164482229,-0.25556522798009673,-0.07153359277705879,-1.8069853804799367,-0.32637749354835827,-0.05071045873673711,-2.0617040376182416,-0.3610011687861176,0.08175010915193702,-0.9059826644181626,-0.1719062484229575,0.10687494725936886,-1.1209508866417146,-0.33273144686858785,0.05720599001114202,-0.8667861043787137,-0.35481616084803935,0.0233693822998884,-0.6698071174893381,-0.32227364151679594,0.2467265062030635,-0.7475862713325166,-0.2120030398418254,0.2592922499836876,-0.9114497468356227,-0.32959696822233236,0.19797246454476705,-0.7340728572450144,-0.31718105264413726,0.15149475257630282,-0.5681044601949001,-0.2786733883338763
PEACE,0.0,0.0,0.0,-0.19258216193677066,-0.15268271574826037,-0.1398561533944926,-0.26679378187621466,-0.4516316416044886,-0.21968102784328503,-0.12785494244284787,-0.7185287425750175,-0.2999207625705446,0.028645218898638317,-0.8897309186248968,-0.37088824823550803,-0.29480836441616104,-0.966627129276748,-0.1232673544442271,-0.3800955963244101,-1.4088457678287203,-0.22420967553944257,-0.4270487637938541,-1.678066573712884,-0.2850730289508309,-0.4633356968380025,-1.9029593456253582,-0.3239752265698099,-0.09284049126310803,-0.995680994687568,-0.13828909636466136,-0.07543853418442627,-1.4911489298573164,-0.24740353290817838,-0.05708404328575727,-1.802934522150768,-0.31923601139163743,-0.03706085154306873,-2.0546108198473494,-0.35566811507361074,0.09022656691237821,-0.9020909526364629,-0.16981712207424748,0.11284199574307495,-1.1183073573976285,-0.32857438832945146,0.06304024286671085,-0.8741099975375906,-0.35623329366883527,0.02768440005693722,-0.6823071149961433,-0.32873463648841006,0.25214854393427255,-0.7359989292442842,-0.21163552549795842,0.2629877891071227,-0.9019252522021852,-0.3269083983932721,0.2016342791905146,-0.7314765257740508,-0.3168049971710247,0.15404145930933705,-0.568560833500709,-0.281294145260141
PEACE,0.0,0.0,0.0,-0.19499416932229868,-0.1536908947178137,-0.13915853728639382,-0.2708866661757795,-0.45586142222378134,-0.22060751117321903,-0.132953067607133,-0.720763427934945,-0.30283707114425823,0.026326914039812858,-0.8854153808581731,-0.37524149441026755,-0.29803754992164894,-0.9639460881809427,-0.12575833941307363,-0.37947755836648217,-1.4100871478056853,-0.23169118319462206,-0.4226937847700976,-1.6800328984422381,-0.2950302073882681,-0.45611573686306583,-1.9066746525176406,-0.3355505709718869,-0.09500061934932016,-0.995477213362137,-0.141456319286282,-0.078170144598048,-1.490165381590258,-0.2568628012619491,-0.05543597188204695,-1.79802711089008,-0.33017583408468515,-0.03005751043099973,-2.053261513348978,-0.3666612625106502,0.09064639289143658,-0.9074332907373365,-0.1733484478664653,0.1136193198863835,-1.1178567729885396,-0.3344618320094433,0.06206492851693421,-0.8574458762801135,-0.3548070335435326,0.026312812463255973,-0.6585501897335332,-0.3210678871520209,0.25504913691861625,-0.7486223080762222,-0.2161490424575981,0.2593279928811096,-0.9009241975031828,-0.3315125662900257,0.19852831616421035,-0.7257578173423851,-0.31736066169267074,0.15355206712791747,-0.5651919177918295,-0.27807014401105073
PEACE,0.0,0.0,0.0,-0.1931901412008507,-0.15502224658962174,-0.13374270486767975,-0.2673182212800562,-0.45310183891231204,-0.2088354733680822,-0.12990559732753515,-0.7088835566119828,-0.2848277921960034,0.02524521641775623,-0.8660960022658198,-0.35120250522322166,-0.28894988508556807,-0.9662869954674044,-0.11534105098427098,-0.3725566746621557,-1.4035074325571673,-0.21342405854068075,-0.4151553388620589,-1.6685838839922826,-0.2707585036557214,-0.4473976308358577,-1.8907431317074772,-0.3065871236668234,-0.08795000877007646,-0.9961248897389039,-0.13143982964418122,-0.07604291516075526,-1.48902737816663,-0.2366409241932666,-0.054982127904672,-1.7923256936346637,-0.30324881510519636,-0.030506875236355167,-2.0343977390405783,-0.33483885663486335,0.09670336923994931,-0.9024171831988763,-0.16389940850630505,0.11962070460215746,-1.1007411356549455,-0.3175906192419991,0.06984986405584069,-0.853770825536476,-0.34136711781449486,0.034944600883825026,-0.6644755975329452,-0.3108310391244032,0.25903187620587137,-0.7386451741008276,-0.20660839519904564,0.2685918996319326,-0.8850867623699835,-0.3170443887284755,0.20614640036781923,-0.7152910462190777,-0.3050356826913174,0.1584247187970354,-0.5603726607831965,-0.2680529265973818
PEACE,0.0,0.0,0.0,-0.19760239571074686,-0.14377507088844235,-0.13823188281362123,-0.2786595819399181,-0.4422606781228884,-0.21856756370050134,-0.14514026275448186,-0.7004591947799238,-0.29942730569350506,0.012483915837638143,-0.85680848976456,-0.37008880445067804,-0.30239288050621427,-0.9611272580179969,-0.12813570172039696,-0.3869014754466782,-1.404429363292741,-0.2321803327700863,-0.42824656570211556,-1.6723547519045383,-0.2930909864526645,-0.4607878016560613,-1.8950683676691726,-0.3317048823633297,-0.10120769678249919,-0.994865318579345,-0.14501369377473422,-0.08748660583895508,-1.4914615456604527,-0.2570481138231428,-0.06783134961845146,-1.7977446465491866,-0.327134257704331,-0.04428659356004428,-2.0439919700214473,-0.3610468101535535,0.0852435504489229,-0.9039407541952651,-0.1779041987200059,0.10360326744961354,-1.1049162594356845,-0.3349823095725178,0.05168394477083785,-0.8518328890086004,-0.35643745622143747,0.01850262501622433,-0.6591832768076356,-0.3242649589747994,0.25100531975414714,-0.7423824019990412,-0.2218484134966161,0.2533180277904058,-0.8817263636797842,-0.3347928363611663,0.19025860498308608,-0.7140810907479798,-0.3227991310440395,0.1450595617574746,-0.5619263261554115,-0.2855433716667142
PEACE,0.0,0.0,0.0,-0.19364908607989664,-0.14161714651564244,-0.13954704414028007,-0.27687694469852037,-0.4361848002306836,-0.2207365950859932,-0.14804388920828526,-0.6925329036487106,-0.30154553859197186,0.0038574529137930047,-0.854661178898444,-0.37210273927345083,-0.3001517159466447,-0.9630275083394053,-0.13214151644553424,-0.3833985002997807,-1.4030319100148574,-0.23906504676211213,-0.4253830585766242,-1.6708067896010923,-0.3017455933112713,-0.456794925114531,-1.8980257612285367,-0.3410665364337312,-0.09944260298081048,-0.9950432999183507,-0.1476007630772193,-0.0847972387574093,-1.4886179636812327,-0.2613031184407437,-0.06054949064525745,-1.7918577286424606,-0.33007198885932815,-0.032790533505838104,-2.041216897997782,-0.36239432274390715,0.08649667266156115,-0.903928020122933,-0.17904262569113993,0.11150945719572769,-1.0951517005337974,-0.3394178744519728,0.062467055771544155,-0.8317947667680649,-0.35738876926244273,0.029513712421376254,-0.6347919434775476,-0.3215474012872883,0.25175521587209737,-0.7404310260477684,-0.22159263578109126,0.26270690757652315,-0.8759094407280251,-0.337848282005268,0.2028249130292557,-0.6976071842365928,-0.32358898456809526,0.1579866936806346,-0.5426294397057851,-0.2835714288330111
PEACE,0.0,0.0,0.0,-0.17988363948454156,-0.15266959145597236,-0.14802464582737626,-0.2465183207206087,-0.45740707553665144,-0.22756351822068194,-0.07729192231331664,-0.7025236203133903,-0.3047210763227642,0.10049148436180916,-0.8595988627674217,-0.3723151329175715,-0.2529089700852472,-0.9835539273315637,-0.1335250411023879,-0.3056185170360353,-1.4444669013917228,-0.23688442569916923,-0.32678105504122484,-1.7213042792208706,-0.29500394408612246,-0.3422985640112675,-1.955252807468041,-0.3317833929238329,-0.04351072659627101,-0.9990529598930502,-0.14460053883944168,0.003856464064794787,-1.4881828133672215,-0.25627493025745157,0.04221008467818161,-1.7907729011745392,-0.3256776692279796,0.07197241842365044,-2.0395222482282893,-0.36015407020577594,0.1395661711301592,-0.8915363073990861,-0.17311852597414032,0.17580472918515766,-1.082035616041626,-0.33938476365899944,0.12491389292394461,-0.8364544868339584,-0.37118597516639285,0.08484220942548532,-0.6556397336024482,-0.3457063696021917,0.2961284501361217,-0.7123248688310898,-0.21239187971771253,0.3128452238878345,-0.8328066116973357,-0.3387652569734347,0.23574803319627288,-0.6540045714452389,-0.33796876574275425,0.1726109847219912,-0.5008346582944203,-0.30861397659456336
PEACE,0.0,0.0,0.0,-0.17545109640388531,-0.16181039211830212,-0.16991681080954865,-0.22117990171257657,-0.44955966908233913,-0.2586712403753733,-0.03907804340553914,-0.6898344503810289,-0.34020659522722857,0.1333960680860013,-0.8672528893108097,-0.4108939195068018,-0.22537094688667375,-0.9807660875934879,-0.14421932660516337,-0.2747799920463984,-1.4134541010075286,-0.2530451111039175,-0.2954695225520293,-1.6877431550419288,-0.32113451517580227,-0.3058385833719914,-1.9222691024868124,-0.3679481534623709,-0.0197375751308302,-0.9998051950895008,-0.1469877197116426,0.027984184779467836,-1.4600673607064356,-0.2654799833062771,0.07373213930364414,-1.7529854896602752,-0.3493331113274043,0.11463246992777953,-2.001832656636042,-0.3973373221661069,0.15568455808463397,-0.8870115285786735,-0.16913209690342565,0.20912044389567153,-1.0651143125968514,-0.3408284959207548,0.159260913441661,-0.8387081112480169,-0.38493946180680194,0.1174024039476923,-0.6675670245194297,-0.3712462467818808,0.30268446821640976,-0.6992027253267034,-0.20370189137242264,0.32846601448470947,-0.8190296593199968,-0.33780190257204395,0.2533876853324662,-0.6543598105993893,-0.3479491017782222,0.18579957181720097,-0.5070164114148504,-0.32805728570078974
PEACE,0.0,0.0,0.0,-0.17636526542979922,-0.16583873173806252,-0.16998691403305605,-0.2218025817447639,-0.45606580860027107,-0.25910481023284593,-0.03534127377712569,-0.6931818140437338,-0.3399698382289685,0.13828229217751772,-0.8642600950917771,-0.41012952734131813,-0.2212836563615771,-0.9790543989904367,-0.15061247312955997,-0.27088357900019383,-1.411580731997762,-0.258813257357646,-0.2924670133922067,-1.6819785186548533,-0.32629629144313427,-0.30423567853630273,-1.915810539254878,-0.3729314327081157,-0.015852371926252946,-0.9998743432573475,-0.1517464156713571,0.03334900076257585,-1.4612383394975323,-0.26684790039442885,0.0798568241496084,-1.7514320449524619,-0.347170106696081,0.12075491397305925,-2.0009409992233307,-0.39364938561153034,0.15800074163703026,-0.8896628870468591,-0.1720360525215271,0.21152037442774765,-1.0610109997594719,-0.33855098729752786,0.16185990652163923,-0.8369708651566583,-0.3826279122355886,0.11891877147113566,-0.6728600572140578,-0.371085248988109,0.30369792214472285,-0.7052784724479423,-0.20500966964606446,0.33296464632831085,-0.8154346274692256,-0.33603895461460925,0.25799506477469614,-0.650373687887956,-0.347580128067121,0.18876035956195897,-0.5094467116835862,-0.33029451379003844
POINT,0.0,0.0,0.0,-0.19997182260610122,-0.1606296203669625,-0.1436490550081703,-0.36066173000598134,-0.44326346371569,-0.23231313788401425,-0.3619415679426774,-0.7432844060558303,-0.32470047620580683,-0.2230768943671896,-0.9474189553313181,-0.41005041555759664,-0.3174462850881177,-1.0027340343139124,-0.10731274729947436,-0.41656932163368215,-1.472649943793689,-0.23439146362866795,-0.4587070362450273,-1.7555727399697927,-0.312431567041491,-0.4878129252253827,-2.0026704316024757,-0.36897157495613053,-0.117443123848165,-0.9930796104345233,-0.12338875271460308,-0.18753489985500338,-1.3136908319599947,-0.34775203326586923,-0.2087692145241459,-1.0336177268112305,-0.41240426565781185,-0.21153046686443,-0.7760696631156602,-0.3984190351268435,0.08309305974890512,-0.9159687771898886,-0.15860643054378792,0.03840204322359522,-1.135025296648237,-0.3795898610126837,-0.016739876527887564,-0.7915312951967085,-0.3609753432613242,-0.04633549805758258,-0.5297745592075456,-0.281552522222922,0.2792049187584218,-0.7841287380666961,-0.20612336853940588,0.22915897956915615,-0.9571711132552608,-0.3476181801178936,0.14487637964210998,-0.7388037781600014,-0.32343315380402815,0.09056812066740431,-0.543404474698141,-0.2654582580698502
POINT,0.0,0.0,0.0,-0.1963036506350282,-0.15458872638069296,-0.15377605603695702,-0.3601961584113923,-0.42633294429564267,-0.25140352915065894,-0.3657782678510383,-0.7185863402393697,-0.35027621421891736,-0.24234994326476741,-0.9417455905861994,-0.44182090289760434,-0.32982052490579156,-0.9961488419368097,-0.12653017257826804,-0.4325903688978424,-1.4660223461268622,-0.2656734472799272,-0.4764499899685808,-1.748575325923662,-0.34886697201035644,-0.5049816570920863,-2.0022619033078857,-0.4082492447465638,-0.12347029932886863,-0.9923482680912179,-0.1407207156058794,-0.19680017464714977,-1.298259129491958,-0.3761850244637848,-0.2191591636424346,-0.9782854010063302,-0.43760247447439576,-0.21854123167229295,-0.717307970230633,-0.4194389008511959,0.08124025465746346,-0.9130741847626531,-0.175226344987586,0.034397504570078195,-1.1146074101320917,-0.40521842923437074,-0.029185197925977003,-0.7553548864403655,-0.3786584127376504,-0.0654115260912638,-0.504729542973572,-0.2934860810853174,0.27761324331665627,-0.7742113753950881,-0.22264991725488112,0.2234892037031994,-0.924293130205079,-0.3709306766613539,0.13214658488899608,-0.6917974219224545,-0.3427863460866301,0.07255254559143913,-0.5043661160882952,-0.28116214390243244
POINT,0.0,0.0,0.0,-0.20276598999015905,-0.16154226908714261,-0.13512629127292572,-0.354826506694188,-0.44443952559114364,-0.2211058019785031,-0.3424624611599311,-0.7301996534931297,-0.31045072194503687,-0.21637040316531045,-0.9211102379168806,-0.3936855977363836,-0.3171480431109352,-1.0073207756253986,-0.11356756294267263,-0.4127681577685326,-1.4686315057641468,-0.24605240417355573,-0.45096024798598566,-1.7503818290073123,-0.3295482433694596,-0.4775916708640143,-2.0005038272321634,-0.3892349324036755,-0.11274248971564121,-0.9936242403508071,-0.1333593218232125,-0.17645056428513867,-1.3077107327780704,-0.3536586767577174,-0.2042884979640966,-1.0210666526512573,-0.4131201784377464,-0.2139702419135161,-0.7674912567499588,-0.39696328103797285,0.0918089892844639,-0.9052962066357854,-0.17106449031705803,0.04783446574830846,-1.1059313153571289,-0.38533841036927335,-0.018831226879851705,-0.7591055211396711,-0.35809375875807714,-0.058327461576273214,-0.5098430667201371,-0.27533970258546053,0.2874991621780264,-0.7591543379786907,-0.22059381569507636,0.2420128913690076,-0.9171623729032676,-0.3566941130570752,0.14741031910323163,-0.6975469622237762,-0.3246922801676336,0.08506649146504383,-0.5170973539808912,-0.2619245038720331
POINT,0.0,0.0,0.0,-0.19453250216535092,-0.1616931723372491,-0.13649529609092909,-0.34877649992622645,-0.45168242309718726,-0.2214578639537529,-0.34763693465412515,-0.7380738628823805,-0.309495855887131,-0.21679395757158446,-0.9280641286921162,-0.39040049940418964,-0.3193734414278109,-1.0064067211306167,-0.11012167940310194,-0.41202999719909456,-1.477009959774226,-0.241224129540518,-0.45587986923438956,-1.7563624064497783,-0.31937022515476915,-0.4844922880940304,-2.007935203443896,-0.37503691607367373,-0.11604723791233475,-0.9932436954609468,-0.13097975914288904,-0.17939507433791704,-1.3160265280215062,-0.3587814400548604,-0.2036487658787291,-0.9852023811616465,-0.4133803216119987,-0.2016477419874594,-0.7229832169361556,-0.38888141288998773,0.08589489392427942,-0.9098424567295077,-0.17014298645686857,0.04512435521894921,-1.1336790258987823,-0.3864592551440503,-0.015477048777205047,-0.7801873775808699,-0.35064268504166074,-0.04390027240455327,-0.5396140088663653,-0.2604914799335197,0.278934769769289,-0.7699188838872177,-0.22174840915935526,0.24048445729386428,-0.9351336204867441,-0.3540909103050813,0.15736313445938274,-0.711894101845606,-0.31521174237995503,0.11325350667483354,-0.5404124024081028,-0.2476484804546754
POINT,0.0,0.0,0.0,-0.19465013932895514,-0.1602067808404958,-0.13091786159666424,-0.34663471962381587,-0.4487115923826417,-0.21510899673293302,-0.3361998942537138,-0.7250322130762122,-0.3020429164081527,-0.2034653849561864,-0.8992114598506072,-0.38259696625137046,-0.31069373297905795,-1.0113163045065598,-0.11559688563691567,-0.4047325076944615,-1.478741328677957,-0.24677578591474816,-0.44456941665200383,-1.755993168552933,-0.3273028242649551,-0.46944440665311593,-2.006786214631165,-0.38494068250294494,-0.10199722557701743,-0.9947846832227519,-0.13943736809800045,-0.16481952778955564,-1.3187288347334134,-0.36012771284832296,-0.20586367911267223,-1.0085043672812724,-0.4150264261624323,-0.21807241696154256,-0.756023845501907,-0.3938294385619108,0.10312926011190049,-0.9022122000675257,-0.18009780933006886,0.05801448495262308,-1.1050443246437602,-0.39111461214231197,-0.011908428802707588,-0.755197865055809,-0.35600042200084275,-0.04469590932445563,-0.5208220616855422,-0.26842800285850715,0.2978475565374195,-0.7523984624689701,-0.23234113783034693,0.247500614379084,-0.9070521373384651,-0.3607447173690369,0.15545119124078288,-0.6818276645888309,-0.31863120470327994,0.10877820383937233,-0.5137089155043012,-0.24977562846875684
POINT,0.0,0.0,0.0,-0.1948916628627859,-0.16494626364875287,-0.13862189717927614,-0.3408585953664774,-0.45384787833908047,-0.22643539138792143,-0.3433295017482544,-0.7413908211860597,-0.3173926109007693,-0.21490247655558642,-0.933386911049365,-0.40127958856213264,-0.3021810051592453,-1.0150488643006017,-0.10944268637690341,-0.3986582047023192,-1.4904713748188447,-0.2426622621836683,-0.4419248077137823,-1.770208553232477,-0.3243553794313119,-0.47092182837049446,-2.0202841403993537,-0.3814518061815624,-0.09796209537186892,-0.9951901465902648,-0.12874594015128393,-0.16017693086531232,-1.324804092586557,-0.35183294292988054,-0.19710175860796708,-1.0269225429315947,-0.4106341774835707,-0.21059988505166505,-0.7788030355391866,-0.3909325864217842,0.10472513992543923,-0.9038907437835366,-0.1664501209707478,0.06480673919460303,-1.1147221701418388,-0.3828425893545417,-0.007559849795033878,-0.7650114317959925,-0.35121087166827053,-0.04707083190617782,-0.5261838913322427,-0.26326674347468704,0.29961026945564506,-0.7561331554863034,-0.21615904723942625,0.2547103332991681,-0.9256002239471516,-0.34823667001118896,0.1646906796782211,-0.7021453537109692,-0.30844612659894444,0.11408557617953642,-0.5295412402784817,-0.23948536388329048
POINT,0.0,0.0,0.0,-0.20296068614146281,-0.1626293075066423,-0.12834528642228005,-0.3515833898184872,-0.45284639039194663,-0.2110445569747341,-0.3447665124809043,-0.7374890770994796,-0.29855021307292884,-0.21856375511379103,-0.9169830619260868,-0.380158128538211,-0.3171596920588822,-1.0087322516786354,-0.10797681288668723,-0.4153091532772086,-1.4844403478143697,-0.2393934893579432,-0.45469858341571473,-1.769368108225377,-0.3216892957922132,-0.48043670378885944,-2.0230645771296567,-0.3796357663487911,-0.11056536426320869,-0.9938688546409652,-0.13245908108216156,-0.1796747760539943,-1.3312231888152668,-0.3528619939102097,-0.21635784012339587,-1.0455858883408327,-0.4123558343106114,-0.22925244689644686,-0.7905874605830938,-0.3940310385652575,0.09533671654296205,-0.9073767593613098,-0.17364211085570466,0.045492051119773926,-1.1128858157601171,-0.3876434421366173,-0.02431484798594599,-0.7626667446677241,-0.35809878212205587,-0.06156805946229611,-0.5136045575588025,-0.2721051727990731,0.2925561021416599,-0.7657538203794281,-0.22593654653804,0.23704716895955,-0.9261394825525684,-0.35760497970623767,0.14546147736046453,-0.6994933115094842,-0.31797344653279563,0.09437459279373638,-0.5170995926053498,-0.24911925496654166
POINT,0.0,0.0,0.0,-0.19482396124159265,-0.15553226540271284,-0.1362860501753887,-0.3458711550155544,-0.4407769093464034,-0.2228802554361563,-0.34568291579700466,-0.7221597972004524,-0.31203696753146687,-0.2189087284744919,-0.9099385297279495,-0.39400169692136067,-0.3067518821523434,-1.0092087892459167,-0.11402856945799042,-0.40225709801664555,-1.4838179385279173,-0.2450847209500865,-0.44301322237669466,-1.7626730796303942,-0.3241615113440293,-0.47128670114633076,-2.012845593909693,-0.3795595549614059,-0.10005458959525762,-0.9949819491332115,-0.13535271358857984,-0.16571248088193902,-1.3329211287026592,-0.3560496822289604,-0.2068681598367335,-1.0335250959032853,-0.4121690826451079,-0.22257628184416955,-0.7847555601523235,-0.39091778884225525,0.10271949687935426,-0.904139672809403,-0.17430500841219573,0.061877290672805826,-1.11372615216029,-0.3876383816298351,-0.008915175331424339,-0.7685978419947975,-0.35483478086750436,-0.047010281647429486,-0.5361916355588132,-0.2671373764606271,0.29504189891906285,-0.7548576754540178,-0.2250918069714455,0.2560999754022541,-0.9271839386868751,-0.3540875606223831,0.1682931212982276,-0.7080504121373383,-0.31276315346996986,0.1205309199072799,-0.5412178301202273,-0.24359608190958928
POINT,0.0,0.0,0.0,-0.18891870506308198,-0.147387566766956,-0.1285206633482336,-0.33843303842196987,-0.43696568752760684,-0.20678532304786332,-0.34279402768184736,-0.7104574050790491,-0.28803492931765445,-0.22115628996703934,-0.8831482103978406,-0.36128983846159757,-0.31020892525546256,-1.0029538601216055,-0.10668446301728085,-0.40207142261667106,-1.4758652562921126,-0.23101419136451867,-0.44463444408246106,-1.7456567251361876,-0.30317616996700797,-0.4751626390679868,-1.9897059859264132,-0.3548627013004236,-0.1054276202998815,-0.994426979158301,-0.12944212142796327,-0.16987103594821767,-1.3170563534079496,-0.3482726017922926,-0.20792649095351567,-0.997836359763929,-0.3993256376421164,-0.21655193682815194,-0.7452917181367007,-0.37404729435139056,0.09509481677302661,-0.9077952809961453,-0.16921000681247253,0.05393304286111813,-1.107614045892793,-0.37548912372121346,-0.014572110847227456,-0.7676354690158168,-0.3411805325295441,-0.04588552269081116,-0.5440379192603798,-0.254683646651879,0.2829768120341886,-0.7615305413118862,-0.22079656017445512,0.2470534583196317,-0.9046592401961693,-0.3441800304433324,0.15765533777499405,-0.6925318009470519,-0.3057907439583853,0.11389454940990174,-0.5381364722110284,-0.2403163183797735
POINT,0.0,0.0,0.0,-0.192383068716647,-0.14345075911331912,-0.1362947967311287,-0.3435771247741466,-0.42482631564849044,-0.22116348743997014,-0.3498803333726396,-0.6988969181426604,-0.3081495037432043,-0.23417810058626606,-0.8937106591383946,-0.3867722837142331,-0.31751170328666495,-1.0007741375452737,-0.1135379065559023,-0.41186146180671745,-1.469308669192884,-0.24192367242037652,-0.4529238928057454,-1.7403770794074676,-0.31791357288622046,-0.4804593357769789,-1.9841312474676995,-0.3717653493380532,-0.11296639470142716,-0.9935988092123306,-0.13398360333363718,-0.18120050494300874,-1.3215439868090413,-0.35166908389662,-0.22469792062237046,-1.023359451226786,-0.40716486819720343,-0.23803085059406992,-0.7801007019685846,-0.3870253201991412,0.08713358921059787,-0.905192046951353,-0.1721906856572904,0.04163420467018873,-1.1050959434419907,-0.38061503087263643,-0.0335332320932058,-0.7727749469333353,-0.35073329282611776,-0.07068456883227062,-0.5506708088254364,-0.2679628389943865,0.27560023658338895,-0.7544315140544628,-0.22266838863968677,0.23264948117969336,-0.8970644389549061,-0.35056548968349444,0.141382582209604,-0.6905285766883912,-0.31572090710534384,0.09464934357135724,-0.5355246409648916,-0.2525467338411071
POINT,0.0,0.0,0.0,-0.19885793314994654,-0.13965224950307478,-0.1316908068405975,-0.35640109208738147,-0.42050979505747227,-0.2153629652142088,-0.36343857749019215,-0.6867454566549442,-0.3015448870888527,-0.24903254474570544,-0.8701523149411493,-0.3793634548246347,-0.335337152368178,-0.9970989520885949,-0.11908127886228238,-0.43465922699896853,-1.4758908013723304,-0.25270689504209903,-0.47705122294023483,-1.7485822693948028,-0.33041038205460055,-0.5044783466959114,-1.9962898210362814,-0.38459321454155565,-0.12415058257837303,-0.9922633888466562,-0.14223540039233307,-0.19129143640201768,-1.3043030268658502,-0.3659152742511798,-0.2339262742358934,-0.9838023206823627,-0.4180667057673457,-0.2456470278048289,-0.7419115588189861,-0.39383061139512326,0.08176559169170125,-0.9041242352598233,-0.18238827603559815,0.03819570879269264,-1.0794285803983867,-0.393029408275877,-0.035776629939391014,-0.7268522481196038,-0.35482208925381015,-0.07048615656221943,-0.5101054811070289,-0.26580916861414206,0.2736446743402578,-0.7525514584086365,-0.23461596859750006,0.232225602648228,-0.8583353067331561,-0.3602831130647746,0.13850679335364036,-0.6369340701122337,-0.3186429281217017,0.09223166214882135,-0.49260841140875966,-0.250151363562842
POINT,0.0,0.0,0.0,-0.19618923005202446,-0.14858680124858953,-0.12755326050119117,-0.3529191572492337,-0.42862460865101165,-0.2086246574334106,-0.3688623540440271,-0.7005814768724484,-0.29354900804560735,-0.2506910494513914,-0.8829051135029191,-0.3698847750162332,-0.32473287633389253,-1.0053716735542684,-0.10574108311679395,-0.4172207889234139,-1.4894224231053945,-0.2343097358028993,-0.45967790513038914,-1.7654581779493956,-0.30830831140305553,-0.48898560362406274,-2.013621926327712,-0.36057240292677717,-0.11956485352189711,-0.9928263925794314,-0.13037018295359235,-0.18583179262941524,-1.3185778984459797,-0.3525854826863218,-0.2232037272466516,-0.9931866646795281,-0.40228880277959495,-0.22974078998157335,-0.7416139507663451,-0.3757355990612061,0.08334491592658197,-0.9031281475495747,-0.17266965602582707,0.04056607313663877,-1.1148943919836696,-0.3823319576499776,-0.02625669232787592,-0.7704377745349957,-0.3428996687784167,-0.05576970994278861,-0.5495210813046499,-0.25221621639138136,0.27685548950827255,-0.7535286270809558,-0.22674559564281774,0.2397993711613777,-0.9066213992818962,-0.3510970154211308,0.15053771835553265,-0.6940688262983749,-0.30853055843056704,0.10640053154197232,-0.5451435954093949,-0.23964316658357943
POINT,0.0,0.0,0.0,-0.20056653599539215,-0.1271046654959002,-0.12848855075243568,-0.3629711145215717,-0.4124159201652283,-0.20544549595830358,-0.3715441955030063,-0.6842180077318929,-0.2845877236139859,-0.2539848820091531,-0.8593396557537882,-0.3553566222049453,-0.33502248151131525,-0.9963379914562769,-0.11525329874408094,-0.42772016727278134,-1.47904764762135,-0.24244627544531147,-0.47340794775650424,-1.7546082959168148,-0.31516374694576993,-0.502079577774718,-2.0037244009067186,-0.3672062552462026,-0.12634635040401437,-0.991986189288735,-0.13786352659009637,-0.1925687814825904,-1.312271560460509,-0.3574990926748527,-0.2350705124965575,-0.9848043337003113,-0.4069823195311888,-0.2417343695206961,-0.7276380089280018,-0.381262532739578,0.07610228116536637,-0.9072225319321127,-0.17691109141202052,0.03278311565815484,-1.0976154123309323,-0.3819623682504662,-0.03853612441633948,-0.7519240542636116,-0.3445775685827716,-0.06878017695380613,-0.5262205118524476,-0.25746695416885856,0.26455036359481693,-0.7600651285372828,-0.22804444697045595,0.22398242564000917,-0.8780326474214695,-0.35115815298692293,0.13083072335036036,-0.6586971090995064,-0.312119449676999,0.08552529951438548,-0.5032985635265411,-0.24655192272445825
POINT,0.0,0.0,0.0,-0.20119549976379725,-0.13708758938388152,-0.12646686037857202,-0.35676538428305454,-0.4298651948684119,-0.20290592945060323,-0.3664023500099428,-0.7013458838715012,-0.282693273295198,-0.2517406059428873,-0.8774387602613116,-0.3542501438820574,-0.3263513021865156,-0.9990889280535499,-0.11161337966560002,-0.42155532374792193,-1.4875121082564349,-0.23896399795232023,-0.46648171158282375,-1.7636704848828118,-0.31093064429397443,-0.4966668249387617,-2.0134397007720937,-0.361888606524818,-0.11890408305350532,-0.9929057452916692,-0.13554958923626378,-0.18807497486796662,-1.3190275653547574,-0.35587188814441695,-0.22849206464665964,-0.9953548380652952,-0.40555961291689263,-0.2342678781357445,-0.7420381468451767,-0.379410426564741,0.08305584373889041,-0.906174850589567,-0.1760266325031593,0.03830477613922458,-1.1013748090145545,-0.3831008790127466,-0.03559437150693058,-0.7551101570639068,-0.3466312860459822,-0.06815157021252555,-0.5296619391953268,-0.2592361060528678,0.27254826859071224,-0.756399004649734,-0.22830005801073927,0.23458027158564526,-0.8768514503078417,-0.35296787401369434,0.13624050772022303,-0.6579547673791272,-0.3145385062797733,0.08472639145619029,-0.5017439244010349,-0.24895542243445232
POINT,0.0,0.0,0.0,-0.19586555638745373,-0.14579937634035103,-0.1253257192989205,-0.3524680639590362,-0.4295779693437729,-0.2053527629962579,-0.3611160636870002,-0.6893849685439238,-0.2893984692627405,-0.2414866967134456,-0.8599288313084409,-0.3656032971719017,-0.316550847082513,-1.0072540355693855,-0.11431421063163763,-0.4108315650902159,-1.4951174910614777,-0.24509783295623033,-0.45317789043800166,-1.773496721530195,-0.32042212506320344,-0.48175781113581195,-2.022813945360504,-0.3736997815123113,-0.10621726957132017,-0.9943429446849882,-0.14142695233855657,-0.17692476264171986,-1.3160816585347173,-0.365281906544836,-0.22022333731518268,-0.990861817659085,-0.41679823220357803,-0.23091968391871165,-0.7378703732406443,-0.3919075324830462,0.10091717527062076,-0.9000526367956713,-0.18506873785958197,0.05295403034288209,-1.0940375396428113,-0.3975490395285056,-0.01985779377682948,-0.7448499927537517,-0.3608529363550785,-0.054289615747131884,-0.5226519173840418,-0.27235621289060064,0.29712330204836834,-0.7448222598528679,-0.23978079437146285,0.2575321237697026,-0.8789085029526101,-0.3680882104486472,0.16182380933145288,-0.6584721147540017,-0.3262895774950697,0.11177940090747399,-0.5067106830955916,-0.2575892207278935
POINT,0.0,0.0,0.0,-0.19887960016262868,-0.13985172844058102,-0.12572667963418077,-0.3590574609079567,-0.4269438819668009,-0.2036273581135218,-0.36782760774198864,-0.6933431487817607,-0.2850652320697337,-0.24592545336127955,-0.8667674673465875,-0.35875435603872424,-0.3212541795799776,-0.9988784355305177,-0.11255852439593896,-0.4177144544915839,-1.4868022608110247,-0.24003069689225456,-0.45807934653378196,-1.764971173956151,-0.31317342638351653,-0.48509365652581965,-2.013233752375941,-0.36519269356240736,-0.11171060870485021,-0.9937407810404039,-0.13746003390189668,-0.18308905748951723,-1.3133217563989599,-0.35794529916848855,-0.22818077723055585,-0.9962317728457089,-0.41021008947914644,-0.2429017269401892,-0.7444977853596327,-0.3864850033663926,0.09319402150771279,-0.9053421442744919,-0.17852074127015496,0.04399042558852249,-1.0902335303407809,-0.38770710997713287,-0.03295171073894012,-0.745799080509657,-0.3539981467500436,-0.07273515658219683,-0.5204358431048223,-0.26854093895867964,0.286032612159266,-0.7531790142244117,-0.23090526478107695,0.2411336768848977,-0.8645135901259572,-0.35914501520363795,0.1440770072461858,-0.6452385274158886,-0.3220111959774985,0.09171901415108986,-0.4914081210090036,-0.2568871115051308
THUMB_UP,0.0,0.0,0.0,-0.10873273224806312,-0.5824665874635718,0.027545580015937488,-0.33519807260046525,-1.0972283336567483,-0.02101462929222827,-0.4874584609437912,-1.539918273858159,-0.0718822352656592,-0.47846219225218717,-1.9016962312292724,-0.1267257462699991,-0.6119902465305139,-1.084057591667626,-0.19414452503523855,-1.045852962893806,-0.994884873814722,-0.22445032397835854,-0.9230167086648852,-0.8777694187933313,-0.19393112845249227,-0.7693383766814595,-0.8899927881700003,-0.1706601306772673,-0.6776839295343199,-0.735353310763556,-0.2419993235737052,-1.0703403642307179,-0.6944244528523336,-0.2424123644238863,-0.9317188294737025,-0.5756001855486671,-0.1731417677428607,-0.7808452319846739,-0.563744746968527,-0.14327174913403218,-0.7224140831615545,-0.35749198989282865,-0.2723442274611087,-1.0449031308508947,-0.360961098534969,-0.26387940070098864,-0.9012218917934819,-0.2685602962248167,-0.1636880552336803,-0.7484515815351802,-0.25137084486718786,-0.11800202346365825,-0.7438268685018022,0.026640878646008632,-0.29713565539314707,-0.9998824365055453,-0.02879993066414382,-0.28620352799747883,-0.8607957414678914,0.02800602651227485,-0.19777146762702635,-0.726052728543272,0.045995940502994236,-0.13757828034746764
THUMB_UP,0.0,0.0,0.0,-0.1178910551446024,-0.5871004048683909,0.033334371745688804,-0.36347591473940555,-1.0986837775849412,-0.012395325825796165,-0.5400952246575761,-1.5401414804244205,-0.06166489728663038,-0.5422882647379684,-1.910151895397294,-0.11631503111773302,-0.6349630217945125,-1.0747508041962195,-0.1986477590413635,-1.0766704634831104,-0.9841265695835043,-0.22988132739479467,-0.9478528342118764,-0.8689756490914298,-0.19841015333799805,-0.7888337864390472,-0.8801506301266511,-0.17486752177044865,-0.6955290215124604,-0.7184980029435847,-0.2508617008051008,-1.0953209607352778,-0.674281906199725,-0.251724819079225,-0.9495220886793843,-0.5580840804521457,-0.1811603580442529,-0.7943070630563277,-0.5449651322153863,-0.15158130956623164,-0.7344812892871669,-0.3321430127587375,-0.2846226887463232,-1.0660002879082404,-0.3385130183369194,-0.2776971807214188,-0.9150451410808808,-0.24967857880955316,-0.17392700526466848,-0.758990659939654,-0.23182424900837523,-0.12682649765398807,-0.750413295920397,0.062072091470698414,-0.3121082805100381,-1.0203342074063988,0.003815010659133805,-0.3057200856190121,-0.8750746047720351,0.05336186638371036,-0.21571872050756907,-0.7351955423956458,0.06936979362707238,-0.15453790536623296
THUMB_UP,0.0,0.0,0.0,-0.09242309776143073,-0.6147557955154224,0.05637977751697887,-0.32277658612995014,-1.1464457912621535,0.021450341406626085,-0.5170294235088432,-1.6031681659627162,-0.023614558181928858,-0.5323481407922981,-1.9943666544462375,-0.07554235966707973,-0.5926072069473082,-1.1250458682060596,-0.15000633832238822,-1.0635446979061065,-1.006677086520549,-0.17954586129659203,-0.937269327808649,-0.8656080859055674,-0.14855338487195047,-0.7702757420249262,-0.8816662805333952,-0.12567510265649537,-0.6422685724771633,-0.766479667576477,-0.21413437810318983,-1.0829640603804007,-0.6666726860514919,-0.21497486148496575,-0.9421353133342765,-0.5448324785077446,-0.14757063377398405,-0.7801884137065825,-0.5519992492728132,-0.12204546803657788,-0.6722961849542819,-0.3745696065540307,-0.2618921977620131,-1.0553568494733936,-0.32049962206589155,-0.2539176551935064,-0.9030917262773988,-0.22494710246421531,-0.15073475583533358,-0.7416685522056137,-0.23036131532614507,-0.10703240620974927,-0.6837810542111811,0.023032013872298394,-0.30177173792356277,-0.9938393446531782,0.03717770841941944,-0.29350162136015406,-0.84690540050778,0.08449064635906854,-0.2081547526284319,-0.696012547165068,0.06395747378439115,-0.15293097249551757
THUMB_UP,0.0,0.0,0.0,-0.09996617024317384,-0.6102812542816396,0.06339239457430841,-0.3413967000377778,-1.1360781484182239,0.033510722947013176,-0.540410403242161,-1.5974748618894121,-0.009106330157642013,-0.5571111678084618,-1.9905033305824023,-0.05887611578422219,-0.6126963758437385,-1.1123568319177104,-0.12860985464006527,-1.0863608593113927,-0.993988666569774,-0.15715803442101867,-0.9596321083783957,-0.849724180864174,-0.1311141381810423,-0.7903950412480518,-0.8647587462285705,-0.11123593785869129,-0.6567273647961224,-0.7541280848290566,-0.19374312129081642,-1.1019411312729428,-0.6507278232730378,-0.19151380610787463,-0.959491983032165,-0.5276651187163067,-0.12663891682111544,-0.7958959814178007,-0.5398186117313806,-0.10234670432185813,-0.6832868997779362,-0.36261684713008463,-0.2432926723656229,-1.0650864646639309,-0.303151323378432,-0.23047681500155764,-0.9144219578352787,-0.20988430105930558,-0.12817164407990944,-0.7544045943108177,-0.21953186312528158,-0.0848094284255291,-0.6934796582759704,0.03492148100712894,-0.28491844546151224,-1.0059578199303405,0.049211205332094825,-0.26759617226761817,-0.8626847550603296,0.0954644734404784,-0.17893802393500025,-0.7130706781633126,0.07377429424018388,-0.1223471848405369
THUMB_UP,0.0,0.0,0.0,-0.10087433872256768,-0.6055291148071097,0.06443173395594648,-0.3425444741705895,-1.1274297258143504,0.04065233947299511,-0.558294636039442,-1.5768383452649892,0.00473646663155009,-0.6009041823622928,-1.9576747604843403,-0.036506271111494605,-0.6213083161761692,-1.1032072226415002,-0.118046761566639,-1.0890630018207117,-0.9822258330367595,-0.14021614850171152,-0.9626538729062867,-0.836671587284539,-0.10715011391169171,-0.7934685580475498,-0.8500748081492397,-0.08183097562237734,-0.6663047701916713,-0.7456795244740357,-0.1817712211543324,-1.1028882853332116,-0.6368023862257203,-0.17665087304186966,-0.9622546890589749,-0.5143536801180723,-0.11106387207549664,-0.799387679355764,-0.5283346760637408,-0.08566130726462849,-0.6923169419220588,-0.354825267912866,-0.22999392751320652,-1.0666248743485696,-0.2879898036708235,-0.21625640298168097,-0.917863328095172,-0.19766054312518946,-0.11594230675183453,-0.7580344182119211,-0.20960020370795832,-0.07388573591464712,-0.7006096534121931,0.041101935813114686,-0.2700110410979819,-1.003256402066969,0.06055472129627192,-0.2541153541943508,-0.8598338117183789,0.10386975421325977,-0.1687237848451605,-0.7104120242598683,0.07866585294188594,-0.11360660958322215
THUMB_UP,0.0,0.0,0.0,-0.10853262811966338,-0.6025860123473968,0.07534332141626592,-0.3528476070981768,-1.1222130022559735,0.055790999895696705,-0.5679621167933527,-1.5765564473196536,0.024081349869703575,-0.6075559963221264,-1.959247237669796,-0.013497238912545664,-0.6186869250638465,-1.101992309869751,-0.1102094506968187,-1.0859921058775195,-0.9900696607754029,-0.11526763915090431,-0.960496383651995,-0.8405986832240877,-0.07243607746195863,-0.7984157291571241,-0.8542056633126641,-0.04311883424098928,-0.6648509945270363,-0.7469760070286131,-0.17295243030420904,-1.1007129548203876,-0.6484457626506379,-0.15038628529044448,-0.960710790332868,-0.5214576282255194,-0.07838836159651608,-0.8006211996101014,-0.5298793742018415,-0.051779808245963926,-0.693462056302136,-0.3604312945453272,-0.21730651559521574,-1.0641150333186045,-0.30196186729853053,-0.1830637991885105,-0.9154537741529625,-0.20998966707918632,-0.07847024015098401,-0.7583329821530003,-0.2157609348730716,-0.03864266514203273,-0.7050717310393854,0.028859038030712072,-0.25264838253763966,-1.0014160083459782,0.037157976718540354,-0.2177737273210324,-0.8607785523083659,0.08592191696506236,-0.12549936929940947,-0.7167417972728994,0.06958719806474957,-0.06933795047642158
THUMB_UP,0.0,0.0,0.0,-0.10759589699128157,-0.6019480721337895,0.059198362419809025,-0.3583415353851566,-1.1157411190366102,0.033612742294911305,-0.5847528977006955,-1.5552858623729529,-0.002908243250485941,-0.6449106253538068,-1.9318961986818395,-0.04447754374427518,-0.6259619753232266,-1.1004482872607262,-0.13108096645781145,-1.0958834881114021,-0.9736372201803264,-0.15934748531101667,-0.9698579177286242,-0.8230293762902251,-0.1268470878058807,-0.802906254341454,-0.8357551088150165,-0.1016540927599792,-0.6687530227140688,-0.7434846297071622,-0.1939638467027146,-1.1134539172987312,-0.6306344801332727,-0.20008154538230447,-0.9673630224316142,-0.5018205679797663,-0.13504958990669427,-0.8024582811156487,-0.5129626156779549,-0.10759539769426252,-0.6932642928081136,-0.3523638712150882,-0.24148701861746977,-1.0809350400405016,-0.28224577102680465,-0.24070085733475982,-0.92444351717472,-0.1873721764437309,-0.13799225476633742,-0.761291736938753,-0.19691681884898274,-0.09066412785581161,-0.6994813791157105,0.04808783341908549,-0.2806221191242439,-1.014112938877305,0.07196487495684088,-0.2778264454793182,-0.8679073066104698,0.11423763173191592,-0.1943696080563142,-0.7175989118981082,0.08753794725759699,-0.1379761975330809
THUMB_UP,0.0,0.0,0.0,-0.11556720581682299,-0.5986343510030616,0.06533721049923603,-0.367055568300069,-1.112814224403278,0.04675043450133013,-0.5910408733378139,-1.5532480850351384,0.01868485648584816,-0.6582550365883577,-1.9160017631957884,-0.012781505078410004,-0.6350947271085605,-1.089244323656674,-0.11647114188666274,-1.0999401259416952,-0.9685982536650471,-0.12888973678749105,-0.9730247432912359,-0.8231585741461842,-0.08811581044493753,-0.8091247549872833,-0.8371316130676364,-0.05815200810485628,-0.6763594433163871,-0.7365717232128497,-0.17454899078834765,-1.1132219584961625,-0.6279196200777507,-0.16616974916795896,-0.9697139086902151,-0.5071806913900216,-0.09822904048528838,-0.80893734925515,-0.5212570567151366,-0.07021048537486378,-0.6996018061167398,-0.3534080413169527,-0.21551162077435493,-1.0769123511463345,-0.28600748533823306,-0.1970248472608762,-0.9257282638526053,-0.2019298452075692,-0.09433054751556084,-0.7670847530840009,-0.2126771418604288,-0.04996498398539887,-0.7045472914371427,0.035028326177612194,-0.2477746782947951,-1.0081911756750508,0.053574740299087376,-0.22620176712061352,-0.8682068601351874,0.09175283344848147,-0.13773499188469282,-0.7219655568179744,0.06761700115763389,-0.08011277844531917
THUMB_UP,0.0,0.0,0.0,-0.11623460895956633,-0.5901963074656668,0.05990292981317363,-0.3688122519276442,-1.1051041964569213,0.03687569824968378,-0.594498299930737,-1.549607914490697,0.004271537555876545,-0.659261156552978,-1.9223015286368856,-0.03296249002780862,-0.6378309922486717,-1.083138438655431,-0.12544285694441273,-1.103667493950902,-0.9621436748642008,-0.14462063968621472,-0.9769590566019607,-0.8160531097087077,-0.10939727332633316,-0.8141440434933664,-0.8323035033164479,-0.08344448327061754,-0.6825408766840496,-0.7308474202289893,-0.18255110530426458,-1.1162867394738831,-0.6241699767984029,-0.17883022671173077,-0.97246805102772,-0.49900069449944984,-0.11282146642695705,-0.8116290533216151,-0.5125998326706879,-0.0862553558821603,-0.7077286486488391,-0.34919952136536037,-0.2233611361894205,-1.0801536207284164,-0.2826347848526565,-0.20866236607245683,-0.9301913299798015,-0.1910949583888807,-0.1058315317233364,-0.7713800811389819,-0.19999886215235596,-0.060947089116922294,-0.7131836548925693,0.036351041730905566,-0.2561677594643723,-1.0162310102176033,0.054789456500436956,-0.23651052290835944,-0.8774580250301067,0.10027940040425141,-0.14822993630016856,-0.7318114208984788,0.0808736036931523,-0.09093501002217534
THUMB_UP,0.0,0.0,0.0,-0.11774499041938594,-0.5854373747007967,0.06169726465466344,-0.37278066974013746,-1.1023879531239429,0.04478670906568331,-0.5989505574484755,-1.5407250345737782,0.017615432377929518,-0.6746396843261511,-1.9017838319047538,-0.012362518439254708,-0.6362182327508743,-1.0853486189115429,-0.10280822232441898,-1.1001811429895023,-0.9676848238684411,-0.12546800782483591,-0.9738319487141225,-0.8221720171719088,-0.09766834408142579,-0.8107248056652392,-0.8390693430101492,-0.07462526127228448,-0.6783673206135035,-0.7347229262270615,-0.1586103294161054,-1.1125575904692022,-0.6311039264570221,-0.15690435984538295,-0.9689264782646226,-0.5099193261468146,-0.09505818839720304,-0.810643944426306,-0.5269934106437147,-0.06879341067992577,-0.7020162257653189,-0.3582794428456586,-0.20012710410920448,-1.0745369366464066,-0.2932259078491614,-0.18755662724651675,-0.9265658814588333,-0.20734926727794986,-0.08845443353605291,-0.7704562428138344,-0.21876005781336436,-0.04316008729476875,-0.7071853305847292,0.019096283744933315,-0.23382938769172823,-1.0071935583837541,0.03604239363641444,-0.21207637786928157,-0.8712955539612058,0.07824828484870752,-0.12447877331372309,-0.7276375436998737,0.05654071770599195,-0.06624266879342126
THUMB_UP,0.0,0.0,0.0,-0.12415144923990475,-0.5784060667803318,0.05038141026707504,-0.3859406850448502,-1.0937893119195812,0.026782515429769508,-0.6148081663731457,-1.525926646991885,-0.004925024537979436,-0.7014780145653394,-1.8859640258489803,-0.03972420051361019,-0.6454114921932205,-1.077244161961295,-0.12770236315608482,-1.1092708354443659,-0.953287941707914,-0.15695687158315902,-0.9887714855414687,-0.8114757000486699,-0.12796449100271848,-0.8282832945096018,-0.8267532126602012,-0.10367120119696292,-0.6896514613920698,-0.724141465322752,-0.18191271131776995,-1.1237366953662484,-0.6184148361276489,-0.18923263724037478,-0.9835757936985537,-0.4948771084595677,-0.1276696737004585,-0.824078440438258,-0.5077835008541473,-0.10117471686490806,-0.7154412780651671,-0.34391443691464796,-0.22203034700197113,-1.0881573947547014,-0.27579066690940496,-0.21973203655735069,-0.9402636688353123,-0.1855610984940695,-0.12019721457693142,-0.7811858214595541,-0.1952728961576047,-0.07365250681642052,-0.723795254749764,0.037244489026015945,-0.2548906702123164,-1.0212560013969156,0.05816371402839446,-0.24516037983768743,-0.8827312402322003,0.10474204010216653,-0.16048316348664682,-0.738845112799155,0.08537789166372625,-0.10310909455507566
THUMB_UP,0.0,0.0,0.0,-0.11477366595443086,-0.5893073588043302,0.07243831387714764,-0.36510891575083937,-1.0933631715972703,0.06056325418087159,-0.6031823086814708,-1.5208395338355418,0.03690750114912346,-0.6917651183664846,-1.8794383351896353,0.009427039254857042,-0.6347667034151063,-1.0814454188598277,-0.09480447545749816,-1.0988287201449303,-0.9568676387942908,-0.10113986259029867,-0.975068229348106,-0.8078967367102944,-0.058055476414782106,-0.8161827641205918,-0.8255789889478672,-0.02721463247754136,-0.6788398958835473,-0.7342863172883003,-0.1532968373658042,-1.1096527253212858,-0.6181815558520678,-0.13834487303991475,-0.9701829578597888,-0.49287091792101423,-0.06963646870955562,-0.8129898135209913,-0.5117741523193216,-0.04148671051626777,-0.7030695264771296,-0.35366384458675804,-0.19523210459031462,-1.0725030757706093,-0.2810619020442929,-0.16986651073404724,-0.9230524421750129,-0.1891041862108423,-0.06525637984915984,-0.7675103262295321,-0.20276663080677734,-0.020749721088812463,-0.7060432575686301,0.03509190686323544,-0.22843164856730017,-1.0029918597232783,0.05017676042673512,-0.2000018703940903,-0.8624528516288588,0.09670803136119172,-0.10927316232070892,-0.7184306704773311,0.07655863645129608,-0.051103849144836025
THUMB_UP,0.0,0.0,0.0,-0.1310334795685233,-0.585240369919387,0.055273427302075254,-0.3950829963975774,-1.0992616964343869,0.03212063432692803,-0.6306376740588867,-1.536612203813622,0.0013078013875072348,-0.7214195582035231,-1.893231517613114,-0.03245249106820041,-0.6625893510271621,-1.0714054712534693,-0.13967614645746476,-1.1333943588116322,-0.936686807256923,-0.15976435209001405,-1.0065244223440863,-0.7947260474345337,-0.11801346890501663,-0.8444082897947469,-0.8128943918276729,-0.08572562331594935,-0.704592750246901,-0.7096119054099278,-0.19397341300711451,-1.1432777442044249,-0.5976752881475393,-0.19771856421701842,-0.999386870757336,-0.47700062953281475,-0.12907914561355352,-0.8383495384646884,-0.4940808884901324,-0.09769649752230601,-0.7272080076522429,-0.3194727510557675,-0.231330418317648,-1.1048644423005076,-0.24908008859394673,-0.22327148465001115,-0.9551577797105942,-0.1643665848540223,-0.1179160175110925,-0.794361518179802,-0.17594245206489204,-0.0684152015329069,-0.7295358364496755,0.07262935894557039,-0.260452436946069,-1.0327820491847965,0.092799863075547,-0.24384533524191548,-0.8951211870383855,0.13565268423791524,-0.15363759542021657,-0.7491251571452214,0.115403771928619,-0.0932697668786288
THUMB_UP,0.0,0.0,0.0,-0.12091905517030749,-0.5888317543513417,0.06230084599193121,-0.37911399303926174,-1.1034180893181826,0.046259329976529165,-0.6219702754097086,-1.538644179706949,0.021648584083429383,-0.7161998029735471,-1.8972245803342298,-0.005736196609401427,-0.6554573166854155,-1.0725504273969628,-0.10911942631229099,-1.1276022427100216,-0.9385194117120172,-0.11938622251828135,-1.0022934761185622,-0.795865430689016,-0.0781301471400086,-0.8411532021921194,-0.8157420385262666,-0.047045457134651636,-0.6983485837470853,-0.7157578190829913,-0.1618105242703295,-1.1372771023189778,-0.5975985099558833,-0.15122049952780076,-0.993978975137897,-0.48068504078054347,-0.08431874540619198,-0.835209871177364,-0.5029352150881453,-0.056543451506225924,-0.7177496566316,-0.3327039727420127,-0.19804250461536557,-1.0958756051254364,-0.25631402424020616,-0.17734713745490752,-0.9475432780073468,-0.174220737525565,-0.07581652537673472,-0.7898163111210602,-0.18880072818946989,-0.03166564648676895,-0.7171751802812106,0.051179406493479344,-0.22578238588273722,-1.0229972203458848,0.07657447934379687,-0.1987258507389515,-0.8862824620443109,0.11732703737037582,-0.10938142630008683,-0.7406708521828033,0.09391216190423718,-0.05139649282564361
THUMB_UP,0.0,0.0,0.0,-0.12581168978957874,-0.586251757786711,0.0587999762217655,-0.3895179478252677,-1.100867842279351,0.042488776784067164,-0.6346882360634921,-1.534856526807622,0.017581992912854668,-0.729515924396144,-1.8942035202888556,-0.009372750335722642,-0.6574053467960139,-1.07199338694797,-0.10424735026661944,-1.128346304607392,-0.9445545772213616,-0.11760799782110566,-1.003526135687195,-0.8054913819643734,-0.08005872319815874,-0.8429766831907102,-0.8274104893489173,-0.050654402533218006,-0.7027373390403868,-0.7114493884447693,-0.15512221128313797,-1.1388429206247872,-0.6051870711619126,-0.14759960228029664,-0.9968521745250134,-0.4910684895560741,-0.08406548787945801,-0.8383124322596406,-0.5114144977957819,-0.05691439304794062,-0.7252209295129819,-0.3257976882025933,-0.1904975924267042,-1.0993942371252012,-0.2584029889994903,-0.17253353143931918,-0.9522836533500642,-0.17988684467940788,-0.07398297606567335,-0.7942372781931457,-0.1930682598784644,-0.030021742725359107,-0.7268046276740078,0.05721109606705909,-0.21771178452647733,-1.0259092064578594,0.07329288076093046,-0.19115584261766166,-0.8905977210283621,0.11220221109794787,-0.1025885828639096,-0.7461669788305396,0.09156695228737909,-0.04408928696345683
THUMB_UP,0.0,0.0,0.0,-0.12448106214801917,-0.5893052715825099,0.06409191798437573,-0.3864458689689636,-1.0974385587193916,0.0506999715548858,-0.6278069184357598,-1.5290010183659075,0.02631475912580305,-0.7241766637336198,-1.880162910665832,-0.0009862018385931217,-0.6517941078102796,-1.0759570401146978,-0.10062766109140998,-1.117258576556947,-0.9541798202188395,-0.11592814743999444,-0.9939626608974046,-0.8146502166311814,-0.0797756777086144,-0.834205386891409,-0.8349896328087232,-0.051685529463614065,-0.6933547526216801,-0.7205964106328374,-0.15629233614680543,-1.1279362045693508,-0.6146310468641114,-0.15298709028782564,-0.9865898039933043,-0.49893705003501365,-0.08936183809100554,-0.8286808926206687,-0.5165148942781471,-0.0606564551694811,-0.7144510690775767,-0.3351704327169114,-0.1966839337926659,-1.0862187443345355,-0.2668954618456427,-0.18123358448057186,-0.9377285487807329,-0.18708805854413144,-0.07979325930866289,-0.7810863144127305,-0.19936557523589468,-0.0326349769723149,-0.7133079538489818,0.052616047762019814,-0.22896944848979978,-1.0166894188761892,0.07243150799308211,-0.20359866684407774,-0.8811875578268512,0.10940483746894004,-0.11287231448635292,-0.7372441655508738,0.08649898243499599,-0.05258910132593181
THUMB_UP,0.0,0.0,0.0,-0.12767442767762627,-0.5821708228925011,0.059918755479936164,-0.39275891716243666,-1.0896780525233196,0.04207006186070753,-0.6394485765913994,-1.5102962804503386,0.014874084050189898,-0.7407764979540363,-1.8622367290738484,-0.014860931194872322,-0.662302790355786,-1.0704523893099496,-0.11311554537431129,-1.1267226854182892,-0.9349223472634732,-0.13319394947683288,-1.0042657468990035,-0.7938813503902654,-0.09785668255282834,-0.8452966036213648,-0.8138731242109615,-0.06948766573771414,-0.7033637981354494,-0.7108300552681173,-0.16832127262863752,-1.1366461852659173,-0.5908167336637505,-0.16820507010265973,-0.9968376420064513,-0.47462783348599497,-0.10314342909794168,-0.8394661237836631,-0.4946325518167304,-0.07439425246167329,-0.7239591948979781,-0.32407262173390144,-0.20831536961990546,-1.09353517587003,-0.24447785143724757,-0.19759974240299724,-0.9477493347774166,-0.16196477541673354,-0.09595826796206465,-0.791388510272697,-0.1757230863635045,-0.049096836943462764,-0.7255653360778543,0.06298900778623794,-0.24022680170397773,-1.023947363446258,0.08889710398489627,-0.22099153655964096,-0.8867949995823561,0.13152712263932323,-0.13232714633623247,-0.7437353404330195,0.11014177011939619,-0.07294218395124911
THUMB_UP,0.0,0.0,0.0,-0.1268098230242052,-0.5904086409563752,0.07901099809019382,-0.39100904856961877,-1.0917291870872328,0.07629991427026116,-0.6363519037489174,-1.52007283705961,0.0609967398083393,-0.7328499982340891,-1.868197690123521,0.042199024623343837,-0.658090255025741,-1.067385802014243,-0.06580276427289618,-1.1165289357347872,-0.9601556739714184,-0.06190499681036383,-0.9919323595430262,-0.8241649875263013,-0.020569749279913205,-0.8344050405126874,-0.8464076355321297,0.008675647960498264,-0.7003826092217652,-0.7137676097300241,-0.12021579361046053,-1.1290428177349237,-0.6207509934551898,-0.0956831620360107,-0.9871257293338979,-0.5086396725185524,-0.030935602091573804,-0.8318013381930335,-0.5245394992892742,-0.0050876397829483205,-0.7203457694386664,-0.331325613909182,-0.15768180550367933,-1.0904839236791752,-0.27462568524351094,-0.12101809142635744,-0.9410832715411951,-0.20044147275757163,-0.021085550798156445,-0.783947073736322,-0.20920092386236466,0.020278409295129075,-0.7165051254391565,0.04936815325111009,-0.18596286592700725,-1.0198171392694035,0.06249185149384506,-0.14285838387364827,-0.8842974626404856,0.09204264120614253,-0.049098283596980416,-0.7392866885633076,0.0705299751981408,0.010196978200286946
THUMB_UP,0.0,0.0,0.0,-0.11748825187518153,-0.581769907473387,0.0739478544251065,-0.385108053486849,-1.0919014694253932,0.07513100569023798,-0.6169375984583588,-1.5235641609467863,0.06120152381159574,-0.7069744972179459,-1.8640203519370984,0.04372449415233463,-0.6344948980041261,-1.088400248667117,-0.03160619454933073,-1.0727855435794347,-1.0033606243773034,-0.03388127995278334,-0.9541750934090424,-0.8609059096132923,-0.01057819146760995,-0.8019037507531334,-0.8825566573477005,0.006248558168124257,-0.6757950187042664,-0.7370896096774803,-0.08562149535984295,-1.0816714832203058,-0.666937521149165,-0.060887882296806,-0.949718218568897,-0.5482638663437286,-0.007044722149107513,-0.8004288705943757,-0.5568875067491662,0.011513254288040918,-0.6977440923160835,-0.35784473416051127,-0.1273399616139066,-1.0440489242102153,-0.32787120008347603,-0.0926468979352202,-0.9058216514611389,-0.24371138431347858,-0.0011927349178571399,-0.7556923138868795,-0.2409464975534678,0.035430591834136646,-0.700222978102519,0.008757318208556223,-0.16170660297976208,-0.9824727565878794,-0.010737203401317391,-0.11725161304566378,-0.8579087458194938,0.04190909735879163,-0.025526506139389418,-0.7240195231966796,0.04370600513309969,0.031998049331056676
THUMB_UP,0.0,0.0,0.0,-0.1179775597826077,-0.5764147647088272,0.06068255881520927,-0.38796054342596775,-1.0904059686855057,0.05787867417574324,-0.6221110367536078,-1.51514895665891,0.04146528007451229,-0.7209805268809987,-1.8501937670808408,0.022322791607305232,-0.6335426731690308,-1.083219649370026,-0.043077076452339186,-1.0755245739556076,-0.9966724773345587,-0.06007148499603159,-0.962261572335071,-0.8594364358211318,-0.045566229997832004,-0.8107774920244993,-0.8819220851147137,-0.032250207816462546,-0.6777459778955982,-0.7352961236443039,-0.09387650936179862,-1.087678475136608,-0.6659118617100785,-0.08574272542125602,-0.9545312839241399,-0.5501388585779293,-0.037558878241601264,-0.8028652432424477,-0.5597878569617443,-0.018516449555421255,-0.7027889511440701,-0.359399775892383,-0.13464900665974058,-1.051098704487652,-0.32382732001244996,-0.11599210352234421,-0.9109487476790834,-0.24076703130588073,-0.0268364212191827,-0.7597559314301653,-0.2410006161605766,0.013298149228189577,-0.7100189282018327,0.007513911717427001,-0.1692726734438709,-0.9919650892396509,-0.01187044452581347,-0.1378077000810944,-0.8639264912135804,0.03965110875203738,-0.04972748801871287,-0.7285062293755385,0.038983177162074834,0.008573245505668209
THUMB_UP,0.0,0.0,0.0,-0.12290846049489164,-0.5644768272206513,0.051197498091942045,-0.40844906844433293,-1.0787978929691262,0.04204785035051866,-0.6456065450523594,-1.497260699070757,0.02053454949004598,-0.7443465737118553,-1.8361723502974372,-0.003179940130401593,-0.6551277247994782,-1.068582055556119,-0.06539017406255677,-1.0974701110983762,-0.9777544411797718,-0.09592755960639666,-0.9867523785545969,-0.835994154028696,-0.08636686959801407,-0.8356995189317397,-0.8609086520528951,-0.07520453300119789,-0.6971031050628115,-0.7169708926531025,-0.11631867993552572,-1.111268961906922,-0.6482444448844332,-0.12532522221350273,-0.9763734797329687,-0.5256958440499464,-0.07809446010464424,-0.8219262117330172,-0.5357172929856814,-0.055465060883288037,-0.7197954696840114,-0.3401727665544378,-0.15815900237820876,-1.0709367265572582,-0.2978134288855834,-0.1550950744939314,-0.9287621188418147,-0.2124097349800328,-0.0659791229532013,-0.7739443881736072,-0.21717048550522633,-0.02117586728009637,-0.723657856271266,0.027118959747446193,-0.1942355257366829,-1.0047005397689166,0.025718720104549963,-0.1743334591039638,-0.875063346230993,0.07616622494426868,-0.0894534694441551,-0.7378899845370045,0.06658881712521159,-0.030746813891244135
THUMB_DOWN,0.0,0.0,0.0,-0.23479646361883358,0.41029588809711215,-0.15578053892593544,-0.552854533302673,0.822510003391482,-0.26038987728224205,-0.7586299467405879,1.1985821727747532,-0.3679919909834266,-0.8672361523771711,1.543148505922345,-0.45295554640198027,-0.9843294678823413,0.47041985589104424,-0.052662139249525765,-1.0729568372476572,0.5201763056956272,-0.28715212402714824,-0.7705145915293605,0.44095552249620007,-0.44023079082980215,-0.561057636452576,0.3738877540706784,-0.5100450333189614,-0.9938791483424709,0.11047279524862556,-0.061365015586088735,-1.082583064973194,0.18075663975614667,-0.3056449251436111,-0.6971106732109444,0.18331415480416813,-0.3888514844518425,-0.5134125093223585,0.15078647621317257,-0.39099885343349294,-0.9230791098052803,-0.2354219329608778,-0.10567875140632005,-0.9868317088954844,-0.20280079761354194,-0.3360598037525655,-0.6470833079064644,-0.10391082183165595,-0.30002463309469807,-0.4929578436126814,-0.06571791831059838,-0.211563881307381,-0.809722791796341,-0.5481540584682175,-0.16262268942553768,-0.8849216616684374,-0.5220498045620294,-0.2650496920639026,-0.6613047352487114,-0.3823461359869274,-0.19708874341770521,-0.5593052313599534,-0.31381215105726484,-0.11403768778818989
THUMB_DOWN,0.0,0.0,0.0,-0.24719816121536195,0.42272597263670586,-0.14759309325284425,-0.5544394314398353,0.8365203995056998,-0.25138022080992967,-0.7591690993033119,1.2139722882006787,-0.3593037960315249,-0.8617593276085543,1.5527817846651333,-0.4457206224181123,-0.9881730362709326,0.46381715634456394,-0.045382619220843405,-1.0697625459921067,0.5371655826130111,-0.27081221624432433,-0.773061851778276,0.45098612524086185,-0.4225810522139409,-0.5709436497595378,0.37659911351118364,-0.4945104157507268,-0.9937498750841633,0.11162968140333294,-0.05579900916753587,-1.0825852626281416,0.2028538516580021,-0.29641585124143566,-0.7064015110017315,0.19482135289414734,-0.3828828129643107,-0.5223860740863937,0.15498601530265432,-0.389275057044158,-0.9215849952132348,-0.22741045116424216,-0.09943987635101173,-0.9859566883896907,-0.1826460802403837,-0.32306995596606347,-0.6558788289703374,-0.09061432212619827,-0.2885124978503706,-0.4991099026009265,-0.05388859544229654,-0.20308473161760437,-0.8085863186335418,-0.5334190111823814,-0.15511463634741296,-0.8890300585602949,-0.4983648539982125,-0.25099615114721935,-0.6693883929354146,-0.3588397720723046,-0.1819347367077801,-0.5642765311861007,-0.29101142933779367,-0.09975329563221164
THUMB_DOWN,0.0,0.0,0.0,-0.2510575981172999,0.4088112570363157,-0.1446076991655443,-0.5638797608007916,0.8201408390172545,-0.24617532194951086,-0.759581472817418,1.195205130969322,-0.3533499101322194,-0.8529453721334311,1.522884352706365,-0.44035852194048625,-0.9983114470828981,0.423665847143843,-0.03653173626449573,-1.0565226692604899,0.5291498024923605,-0.26350633105173354,-0.7581445462313683,0.4724956034895641,-0.4213722829265259,-0.5543662063566295,0.4040088043127881,-0.49702691738292154,-0.9975734085749677,0.06962251434788054,-0.04765394681939104,-1.0465080951267147,0.19622618669346867,-0.27890036382137445,-0.6839823455582437,0.210891020663712,-0.36446129149305795,-0.5135679314274366,0.16474888841855492,-0.37556143033182227,-0.9152654495550545,-0.2656600030237899,-0.09358816404969822,-0.9575345109014853,-0.18081996350283355,-0.3079840630142061,-0.6375562845203104,-0.07569506344754091,-0.27209054775941616,-0.4928601757098226,-0.05854999684276129,-0.19075799877232585,-0.7926127962612405,-0.5648556998934768,-0.15271364575769347,-0.8551945819614228,-0.49210220928041154,-0.23860731901653218,-0.6420846842351585,-0.34558154935808405,-0.16785731196957396,-0.5443175960383787,-0.3002971995030283,-0.08824895254065006
THUMB_DOWN,0.0,0.0,0.0,-0.2551737811593771,0.4091713802385082,-0.14615079025159383,-0.5647589901449259,0.8227288876347401,-0.2518427160985405,-0.7585905632749613,1.1996991934223702,-0.3622527350743287,-0.8494542784191921,1.527552574340704,-0.4535004438373883,-1.0002236469415011,0.41524852735204,-0.049252662625128854,-1.04499011570895,0.5322379357274725,-0.277417516667917,-0.7504554434624959,0.47540299517432605,-0.4369130055287044,-0.5506452600960529,0.40008691588944884,-0.5143659929678458,-0.9986138581030354,0.05263423225022626,-0.06007941303598221,-1.0256800664015548,0.19246335857097094,-0.2887132774498939,-0.6714867893273748,0.20737774489382407,-0.3735421386384266,-0.5087628491730335,0.15516308902361037,-0.38734979513483464,-0.9151121544414321,-0.2870969039174356,-0.1049914466412886,-0.9400847189851415,-0.1858755149544946,-0.3182319149872681,-0.6268573539230949,-0.07699014665967471,-0.2819749796769484,-0.49011147827365453,-0.06571773982393378,-0.20300387536410316,-0.7905606588095699,-0.5878356910456156,-0.16337738280435668,-0.8457974654236955,-0.5014018972267192,-0.24889685196917635,-0.630901957209209,-0.3453717543201705,-0.17693795763990244,-0.5318024663027625,-0.29853071345154836,-0.09767253400556639
THUMB_DOWN,0.0,0.0,0.0,-0.2554006298853087,0.4081318552412526,-0.14461469939881463,-0.5680573718491261,0.8215204510501493,-0.24911964009244678,-0.763384232377295,1.1985167604096583,-0.35849087363164217,-0.8448198963453225,1.524867282111393,-0.4488967798771186,-0.997755129093659,0.41696270834217186,-0.04925787425740239,-1.0370490656784777,0.5439415506220864,-0.2764543360228421,-0.7442695363433904,0.4816541798306834,-0.4368378301767106,-0.5501480166055885,0.40021332042821467,-0.5159880225340377,-0.9984243010496904,0.05611519467521294,-0.061195321146726905,-1.019709649593144,0.207944146249862,-0.28905495305903617,-0.6719657143115778,0.22201615361510152,-0.3746343656515336,-0.5144491474729582,0.16407943962479074,-0.3900138040939105,-0.9138961413210903,-0.28069304383214055,-0.10691297946526547,-0.9323925806564877,-0.16783989507335836,-0.3179386677680864,-0.62598230952137,-0.05815942494669181,-0.2829315057883762,-0.4950161444889538,-0.054657355771001725,-0.20614129623069413,-0.7896215226678399,-0.5758671489011941,-0.16632385468299032,-0.8385150634697329,-0.482210784040488,-0.24911236648422905,-0.630235638517263,-0.3246062411786634,-0.17874988347431534,-0.5363849644084546,-0.28448397916276347,-0.10201429092119675
THUMB_DOWN,0.0,0.0,0.0,-0.2675202252806382,0.4153214242880305,-0.1300634141206723,-0.5759287742663309,0.8442744699525451,-0.22765265626928735,-0.7555236647371942,1.2335677590002039,-0.33131268161775074,-0.8090054035037967,1.5533693830540152,-0.4179705079966951,-1.0001126457298228,0.4150467264633225,-0.04535296145570586,-1.0213290940105861,0.5811115442522993,-0.2587929292150418,-0.7370597024293191,0.5131341596229759,-0.4111065047076271,-0.5511918564952318,0.4190222717986007,-0.4880046409535897,-0.9984021526333645,0.05650788986560935,-0.06118618327280183,-0.9971204015678257,0.2501381868613057,-0.2778189162154957,-0.6644389607104151,0.25191167457170077,-0.3590999328464855,-0.5141637601163361,0.1751057497039257,-0.3758716894287515,-0.911613130504493,-0.27645651040522223,-0.10759798144002108,-0.9113212210366329,-0.12070594189158879,-0.30431421848012397,-0.6173929995512557,-0.02384535465581901,-0.2674605621045751,-0.49680547376455353,-0.04543460712725728,-0.1950967256742705,-0.7861545375893075,-0.5669253637334536,-0.1671393588675309,-0.8260831400721996,-0.4379598985260224,-0.23787151001245999,-0.6220490932567689,-0.28840207921852407,-0.16543519104993099,-0.5327192883657805,-0.2757408502829568,-0.09148986278859324
THUMB_DOWN,0.0,0.0,0.0,-0.2709047169769696,0.41338276777055344,-0.12832479148385867,-0.5701227259719238,0.8306045402105934,-0.2270143744972597,-0.7469325242100651,1.2159280603006368,-0.33199216635766104,-0.8115957485687199,1.5282470649301372,-0.41937643897716465,-0.9965288928330405,0.39470797864408474,-0.04308981661657823,-1.0041709715983866,0.6004575766488033,-0.25026611564369616,-0.7291207436031979,0.5259945835376592,-0.40129273309007907,-0.5633212202036799,0.418813851096803,-0.4816821622479204,-0.9988154605584509,0.04865876847403393,-0.05959738487604507,-0.9828870830245611,0.28023688220789206,-0.2704275533399946,-0.6610510309636919,0.27493029072829334,-0.35066469928026933,-0.530896660859712,0.18131680793843735,-0.3708782616115476,-0.9098144175558244,-0.2733662143026198,-0.10601771445935368,-0.9015745080255314,-0.09181931574245912,-0.2993380013703697,-0.6158081973062983,0.00303604912740216,-0.2602699548724536,-0.5091956065179086,-0.03254230366505502,-0.1895754969606898,-0.7807248069858018,-0.5506028092685975,-0.16611033368927414,-0.8154978426022272,-0.4117414321771751,-0.2379729885932855,-0.6179566094457913,-0.2527457761798484,-0.16678367348248263,-0.535307518320725,-0.24171525876453406,-0.0948692734918044
THUMB_DOWN,0.0,0.0,0.0,-0.273549866076998,0.42051657839002027,-0.12661484365059028,-0.5671794776011314,0.8416746151778396,-0.22360867773932702,-0.7357500756999413,1.230173081832152,-0.3274397867795507,-0.7997213413589219,1.5421221497508109,-0.4148934919399987,-0.9952188134828499,0.40798208884357756,-0.037100395766757645,-0.9988273552924091,0.6232045758607949,-0.24568194292629944,-0.7283709358716743,0.5494537762108976,-0.4028543480036179,-0.5594721654912901,0.43936144875700467,-0.4868064845228369,-0.9982517005118948,0.059106196165125253,-0.053669678406044447,-0.9782807255683946,0.29727130888378983,-0.2634820539981608,-0.6612285786712538,0.2907531983922309,-0.35006043571994555,-0.5225368826830026,0.19969926145486933,-0.37519572591302536,-0.9085742263864769,-0.26500622213205166,-0.09984231843793041,-0.8939998247042067,-0.07267595084725623,-0.29203433234752774,-0.6106112182968326,0.022601597186161695,-0.25880997602582156,-0.4927168485899635,-0.007069575253379758,-0.19174775883488349,-0.7772591328119444,-0.5411303798487398,-0.15964387191488386,-0.8062932450389038,-0.3939691324203513,-0.23235013429343113,-0.6107465470727396,-0.23329902825898993,-0.1643137190769328,-0.5199656359407703,-0.21688500102923436,-0.09399156911768398
THUMB_DOWN,0.0,0.0,0.0,-0.2719260312263123,0.42423461958860714,-0.1260256786659854,-0.5638028443986993,0.8451446180871823,-0.2249854374839874,-0.7340931753603738,1.2280199056880006,-0.3315153463023687,-0.7982719759286468,1.539937126045691,-0.4219525172084132,-0.9968553653650755,0.4032837014502283,-0.03879415102662508,-1.0077314220944547,0.6093385767387373,-0.2525715089864151,-0.7369666148483786,0.5457165390202193,-0.4127723804887609,-0.558693526783568,0.444811420251114,-0.49686869302794046,-0.9985811604545453,0.05325097168365755,-0.056455105183192966,-0.9847690284165638,0.28466809222622763,-0.26961562390550964,-0.6675674835845656,0.2851179158700847,-0.35638932072188073,-0.5195890843372875,0.20104367015116986,-0.3803032187151077,-0.9097450646672822,-0.2720468895034543,-0.10439026473747305,-0.8983093594270363,-0.08551639729559778,-0.29872434844239354,-0.614658038380697,0.012509510663279782,-0.26644194835332663,-0.48965832830935113,-0.011521256604964338,-0.19899634600773433,-0.7789295592427924,-0.5521895861277084,-0.16593890190211133,-0.8100967361846363,-0.4042739924457989,-0.2405237041009811,-0.6142340159420724,-0.24439954013859921,-0.17370888393446451,-0.5201431312707023,-0.22623413369670892,-0.10340306097492982
THUMB_DOWN,0.0,0.0,0.0,-0.26987144503452076,0.42058729668335815,-0.12737762790529863,-0.5647337521564169,0.8387609726285611,-0.2264355346323733,-0.7356741744349595,1.2211817062505876,-0.3326832050253002,-0.8032961884490674,1.5331415094347276,-0.42239405603787117,-0.996777282065646,0.4004670183077708,-0.040359717492782804,-1.01038623608877,0.6094487174982178,-0.2549505352628103,-0.7359907759206743,0.5496299989261397,-0.4146291506423044,-0.5552543312017792,0.45251968867143266,-0.49772946421651443,-0.9987337776639991,0.05030746816326168,-0.057280418819968135,-0.9826268887102672,0.2825988247602562,-0.2698763271365785,-0.6631209653016379,0.2860682352657471,-0.3558701581929324,-0.5189555476005577,0.2045607911717383,-0.3792763197956604,-0.9079795385198297,-0.27441357586808063,-0.10461094416307208,-0.897109610612157,-0.08764511097108545,-0.29889539288645106,-0.6111282291229723,0.012570941344558727,-0.2649425501068529,-0.4893541552142594,-0.01097743696832995,-0.19649821875792317,-0.7751450678951932,-0.5516708087169452,-0.16545225802184785,-0.8029464030643151,-0.4018173998318678,-0.23954518525626828,-0.6062816868074257,-0.241030912047582,-0.17132730015714792,-0.5156066826874888,-0.22404651213103732,-0.1000144239031561
THUMB_DOWN,0.0,0.0,0.0,-0.27523998458162363,0.4257369503993357,-0.12472981495462407,-0.5664745969265632,0.8386665690818668,-0.225329818365375,-0.7384621463654756,1.2175555414432992,-0.3336862628922833,-0.8103253949763107,1.5270501687818976,-0.4254972205445279,-1.0010467603644595,0.3882493725455443,-0.04483400369098655,-1.0164259370827315,0.6127546223384439,-0.2598954194109349,-0.745430046112468,0.553013105488715,-0.4185329550182079,-0.5713468190969409,0.44950745813356874,-0.5017946409595689,-0.9990792101957391,0.042903749890401216,-0.06359127832337177,-0.9826883678623647,0.28920451977394884,-0.27521843474230345,-0.6673267560902513,0.29488370796713337,-0.35782638354642,-0.5335614041815271,0.20307720857396955,-0.3807352851726195,-0.9051379864829215,-0.27716257183411724,-0.11251438580065716,-0.8978583889256955,-0.0809460957556823,-0.30734067739051957,-0.615549422552329,0.021886798191258817,-0.2693954412822771,-0.5014450354481187,-0.013457096566337381,-0.19946149900634166,-0.7687495724162762,-0.5519691544713595,-0.174977986757037,-0.8057780552306995,-0.4034688125877475,-0.25163544856893155,-0.6107387285831037,-0.23561142816795147,-0.18174469435726656,-0.5193568413912996,-0.2213024026625805,-0.10918150963534771
THUMB_DOWN,0.0,0.0,0.0,-0.27132064300144276,0.4222575097298557,-0.12293464331803279,-0.5555403357240047,0.8323072887357226,-0.22318218679876906,-0.7254807861225692,1.20673943047454,-0.3314872278594241,-0.8124024497385578,1.5121954532801327,-0.4230868069391009,-0.9980359750893903,0.3815061268927231,-0.03828763294152194,-1.0030573980371158,0.6157766848985363,-0.25301240930617347,-0.7360223979482513,0.5559000355503647,-0.41470828311429253,-0.5611661613539408,0.45692241046797777,-0.4997192503361933,-0.9990629247795183,0.04328131618833326,-0.056575619547731285,-0.9706095319164835,0.3011633597291169,-0.2679527597205543,-0.6574781299164448,0.2979414387937479,-0.3555968316309331,-0.5217389151452578,0.20704703099889182,-0.38150077675860017,-0.9062095569637801,-0.2731615974101455,-0.10462610810708221,-0.888695418067185,-0.06712613859951123,-0.2978674331281764,-0.6079799571567215,0.02628817374097791,-0.2632114956350304,-0.49336441555268856,-0.00965305965238788,-0.19522219027631796,-0.7693163609652749,-0.543829030875615,-0.16621053768335603,-0.7946745301366122,-0.3869738316882092,-0.2424134661419962,-0.6028746265357467,-0.2262505221933586,-0.17485764545727323,-0.5160141386337208,-0.21702134672296364,-0.10325833572774093
THUMB_DOWN,0.0,0.0,0.0,-0.27010667479689093,0.42041651183227496,-0.12753884164498536,-0.553238195031705,0.8282095992553286,-0.23074914962475218,-0.7209841745405202,1.2026700714246628,-0.341139057326515,-0.80952751792454,1.5066524801262322,-0.4336802740952206,-0.9965985525630235,0.375272649599498,-0.045845494727070384,-1.0002986942378833,0.6217098201683012,-0.2616271869790278,-0.7305812711444883,0.5597766234319279,-0.42123088770674855,-0.5618517434341199,0.4522964764032259,-0.505249575957454,-0.9992236260426602,0.03939727348634675,-0.06277431803704799,-0.9650938366364278,0.30491294532208985,-0.27546252197837906,-0.6493725300946945,0.3022310260904651,-0.35973878733330905,-0.5262152915455762,0.2003977793633579,-0.3836149617110367,-0.9059875908156372,-0.27438360914588183,-0.10993673583148486,-0.8849901703371587,-0.06296808948810916,-0.30581746588978204,-0.6023329203791952,0.03315390954658972,-0.2675086801970015,-0.49885864848325945,-0.01577244568504143,-0.19716170786771095,-0.7699108631783215,-0.5425418582851875,-0.17118300124925012,-0.7968057386951632,-0.3857646083637944,-0.24820379614061944,-0.604106307797521,-0.21926790177403654,-0.17863749435842596,-0.5216666311680207,-0.21482893202641692,-0.10576840854237735
THUMB_DOWN,0.0,0.0,0.0,-0.27346400204907617,0.42556709057659414,-0.12510568567055774,-0.5595967264304939,0.8335769143086622,-0.2251245072944856,-0.7268670752361708,1.2078907227166253,-0.33308082346941587,-0.8120248323906551,1.5111455957597126,-0.4232173335730441,-0.9972541465001646,0.3856834630704227,-0.039080269460414284,-1.0081043064500121,0.6353235037767824,-0.2535757354344529,-0.7399279002656112,0.5699604805029275,-0.41301182685494586,-0.5722634634327235,0.4612199796143215,-0.4970300872472917,-0.9986063217505399,0.05277702302950883,-0.05674172735983608,-0.9733299259867975,0.31809091408091206,-0.2687724447759382,-0.6563650249676808,0.31114622934951014,-0.3527066802074026,-0.5316055571829137,0.20953968132963982,-0.3758854506247979,-0.9053227738922531,-0.2600722886676536,-0.10485105834171687,-0.8929174386880894,-0.04840135546289656,-0.29998714902905066,-0.6071788023338826,0.04312964223911655,-0.25999517626812707,-0.49960666821612554,-0.006322614629675392,-0.18788995125376146,-0.7687542317135942,-0.5263920803090826,-0.16697560493289515,-0.8011131272073391,-0.3719290960552277,-0.2433210711155633,-0.6088653402639357,-0.20764733084465378,-0.17214647993140858,-0.5245913858975956,-0.203652515771173,-0.09790657007527398
